
> my-v0-project@0.1.0 dev C:\Users\mgrabinski\Downloads\Document-Manager
> next dev

   ▲ Next.js 15.2.4
   - Local:        http://localhost:3000
   - Network:      http://10.3.2.112:3000
   - Environments: .env.local, .env

 ✓ Starting...
 ✓ Ready in 3.3s
 ○ Compiling /api/auth/login ...
 ✓ Compiled /api/auth/login in 1653ms (407 modules)
 POST /api/auth/login 200 in 2174ms
 ✓ Compiled /api/groups in 197ms (409 modules)
 GET /api/groups 200 in 327ms
 ✓ Compiled /api/documents in 130ms (411 modules)
 GET /api/documents 200 in 216ms
 ✓ Compiled /api/users in 141ms (413 modules)
 GET /api/users 200 in 249ms
 ○ Compiling / ...
 ✓ Compiled / in 4.4s (1119 modules)
 GET / 200 in 5566ms
 ✓ Compiled in 3.1s (478 modules)
 ✓ Compiled in 199ms (478 modules)
 ✓ Compiled in 310ms (478 modules)
 ✓ Compiled in 210ms (478 modules)
 ✓ Compiled in 160ms (478 modules)
 ✓ Compiled in 161ms (478 modules)
 ✓ Compiled in 171ms (478 modules)
 ✓ Compiled in 174ms (478 modules)
 ✓ Compiled in 165ms (478 modules)
 ✓ Compiled in 178ms (478 modules)
 ✓ Compiled in 163ms (478 modules)
 ✓ Compiled in 164ms (478 modules)
 ✓ Compiled in 173ms (478 modules)
 ✓ Compiled in 163ms (478 modules)
 ✓ Compiled in 167ms (478 modules)
 ✓ Compiled in 184ms (478 modules)
 ✓ Compiled in 184ms (478 modules)
 GET /?id=1fd0eb25-c066-40fd-a8f5-cf20f5d06644&vscodeBrowserReqId=1772577903167 200 in 74ms
 ✓ Compiled /api/auth/auto in 373ms (1104 modules)
 GET /?id=1fd0eb25-c066-40fd-a8f5-cf20f5d06644&vscodeBrowserReqId=1772577903167 200 in 161ms
 GET /api/auth/auto 404 in 569ms
 ✓ Compiled /api/auth/session in 196ms (1092 modules)
 GET /api/auth/session 401 in 319ms
 ✓ Compiled /api/users in 677ms (1108 modules)
 GET /api/users 200 in 714ms
 GET /?id=1fd0eb25-c066-40fd-a8f5-cf20f5d06644&vscodeBrowserReqId=1772577903167 200 in 131ms
 ✓ Compiled in 206ms (478 modules)
 GET /?id=1fd0eb25-c066-40fd-a8f5-cf20f5d06644&vscodeBrowserReqId=1772577903167 200 in 51ms
 ✓ Compiled in 217ms (478 modules)
 GET /?id=1fd0eb25-c066-40fd-a8f5-cf20f5d06644&vscodeBrowserReqId=1772577903167 200 in 52ms
 ✓ Compiled in 227ms (478 modules)
 GET / 200 in 307ms
 GET /?id=1fd0eb25-c066-40fd-a8f5-cf20f5d06644&vscodeBrowserReqId=1772577903167 200 in 44ms
 ✓ Compiled in 232ms (478 modules)
 GET /?id=1fd0eb25-c066-40fd-a8f5-cf20f5d06644&vscodeBrowserReqId=1772577903167 200 in 66ms
 GET /api/auth/auto 404 in 52ms
 GET /api/auth/session 401 in 32ms
 GET /api/users 200 in 44ms
 ✓ Compiled in 220ms (478 modules)
 GET /?id=1fd0eb25-c066-40fd-a8f5-cf20f5d06644&vscodeBrowserReqId=1772577903167 200 in 65ms
 GET / 200 in 65ms
 ✓ Compiled in 204ms (478 modules)
 GET /?id=1fd0eb25-c066-40fd-a8f5-cf20f5d06644&vscodeBrowserReqId=1772577903167 200 in 67ms
 GET / 200 in 68ms
 ✓ Compiled in 255ms (478 modules)
 GET /?id=1fd0eb25-c066-40fd-a8f5-cf20f5d06644&vscodeBrowserReqId=1772577903167 200 in 60ms
 GET / 200 in 62ms
 ✓ Compiled in 208ms (478 modules)
 GET / 200 in 67ms
 GET /?id=1fd0eb25-c066-40fd-a8f5-cf20f5d06644&vscodeBrowserReqId=1772577903167 200 in 68ms
 ✓ Compiled in 257ms (478 modules)
 GET / 200 in 63ms
 GET /?id=1fd0eb25-c066-40fd-a8f5-cf20f5d06644&vscodeBrowserReqId=1772577903167 200 in 64ms
 ✓ Compiled in 196ms (478 modules)
 GET /?id=1fd0eb25-c066-40fd-a8f5-cf20f5d06644&vscodeBrowserReqId=1772577903167 200 in 71ms
 GET / 200 in 72ms
 ✓ Compiled in 180ms (478 modules)
 GET / 200 in 70ms
 GET /?id=1fd0eb25-c066-40fd-a8f5-cf20f5d06644&vscodeBrowserReqId=1772577903167 200 in 69ms
 ✓ Compiled in 184ms (478 modules)
 GET / 200 in 71ms
 GET /?id=1fd0eb25-c066-40fd-a8f5-cf20f5d06644&vscodeBrowserReqId=1772577903167 200 in 72ms
 ✓ Compiled in 188ms (478 modules)
 GET /?id=1fd0eb25-c066-40fd-a8f5-cf20f5d06644&vscodeBrowserReqId=1772577903167 200 in 58ms
 GET / 200 in 58ms
 ✓ Compiled in 231ms (478 modules)
 GET / 200 in 63ms
 GET /?id=1fd0eb25-c066-40fd-a8f5-cf20f5d06644&vscodeBrowserReqId=1772577903167 200 in 63ms
 ✓ Compiled in 175ms (478 modules)
 GET /?id=1fd0eb25-c066-40fd-a8f5-cf20f5d06644&vscodeBrowserReqId=1772577903167 200 in 77ms
 GET / 200 in 78ms
 ✓ Compiled in 199ms (478 modules)
 GET /?id=1fd0eb25-c066-40fd-a8f5-cf20f5d06644&vscodeBrowserReqId=1772577903167 200 in 81ms
 GET / 200 in 80ms
 ✓ Compiled in 182ms (478 modules)
 GET / 200 in 67ms
 GET /?id=1fd0eb25-c066-40fd-a8f5-cf20f5d06644&vscodeBrowserReqId=1772577903167 200 in 68ms
 ✓ Compiled in 247ms (478 modules)
 GET / 200 in 75ms
 GET /?id=1fd0eb25-c066-40fd-a8f5-cf20f5d06644&vscodeBrowserReqId=1772577903167 200 in 76ms
 ✓ Compiled in 182ms (478 modules)
 GET /?id=1fd0eb25-c066-40fd-a8f5-cf20f5d06644&vscodeBrowserReqId=1772577903167 200 in 72ms
 GET / 200 in 70ms
 ✓ Compiled in 194ms (478 modules)
 GET /?id=1fd0eb25-c066-40fd-a8f5-cf20f5d06644&vscodeBrowserReqId=1772577903167 200 in 65ms
 GET / 200 in 66ms
 ✓ Compiled in 176ms (478 modules)
 GET / 200 in 73ms
 GET /?id=1fd0eb25-c066-40fd-a8f5-cf20f5d06644&vscodeBrowserReqId=1772577903167 200 in 73ms
 ✓ Compiled in 169ms (478 modules)
 GET /?id=1fd0eb25-c066-40fd-a8f5-cf20f5d06644&vscodeBrowserReqId=1772577903167 200 in 73ms
 GET / 200 in 73ms
 ✓ Compiled in 202ms (478 modules)
 GET /?id=1fd0eb25-c066-40fd-a8f5-cf20f5d06644&vscodeBrowserReqId=1772577903167 200 in 91ms
 GET / 200 in 100ms
 ✓ Compiled in 214ms (478 modules)
 GET / 200 in 72ms
 GET /?id=1fd0eb25-c066-40fd-a8f5-cf20f5d06644&vscodeBrowserReqId=1772577903167 200 in 72ms
 ✓ Compiled in 264ms (478 modules)
 GET /?id=1fd0eb25-c066-40fd-a8f5-cf20f5d06644&vscodeBrowserReqId=1772577903167 200 in 78ms
 GET / 200 in 79ms
 ✓ Compiled in 267ms (478 modules)
 GET / 200 in 62ms
 GET /?id=1fd0eb25-c066-40fd-a8f5-cf20f5d06644&vscodeBrowserReqId=1772577903167 200 in 63ms
 ✓ Compiled in 245ms (478 modules)
 GET /?id=1fd0eb25-c066-40fd-a8f5-cf20f5d06644&vscodeBrowserReqId=1772577903167 200 in 81ms
 GET / 200 in 82ms
 ✓ Compiled in 205ms (478 modules)
 GET /?id=1fd0eb25-c066-40fd-a8f5-cf20f5d06644&vscodeBrowserReqId=1772577903167 200 in 58ms
 GET / 200 in 57ms
 ✓ Compiled in 198ms (478 modules)
 GET /?id=1fd0eb25-c066-40fd-a8f5-cf20f5d06644&vscodeBrowserReqId=1772577903167 200 in 61ms
 GET / 200 in 61ms
 ✓ Compiled /api/auth/login in 459ms (1110 modules)
 GET /?id=1fd0eb25-c066-40fd-a8f5-cf20f5d06644&vscodeBrowserReqId=1772577903167 200 in 133ms
 GET / 200 in 134ms
 POST /api/auth/login 200 in 750ms
 GET /api/users 200 in 199ms
 ○ Compiling /api/groups ...
 ✓ Compiled /api/groups in 1251ms (1114 modules)
 GET /api/groups 200 in 1191ms
 GET /api/documents 200 in 1260ms
 GET /?id=1fd0eb25-c066-40fd-a8f5-cf20f5d06644&vscodeBrowserReqId=1772577903167 200 in 172ms
 GET / 200 in 173ms
 GET /api/groups 200 in 92ms
 GET /api/documents 200 in 51ms
 ✓ Compiled in 237ms (478 modules)
 GET /?id=1fd0eb25-c066-40fd-a8f5-cf20f5d06644&vscodeBrowserReqId=1772577903167 200 in 68ms
 GET / 200 in 67ms
 ✓ Compiled in 181ms (478 modules)
 GET /?id=1fd0eb25-c066-40fd-a8f5-cf20f5d06644&vscodeBrowserReqId=1772577903167 200 in 66ms
 GET / 200 in 67ms
 ✓ Compiled in 175ms (478 modules)
 GET / 200 in 72ms
 GET /?id=1fd0eb25-c066-40fd-a8f5-cf20f5d06644&vscodeBrowserReqId=1772577903167 200 in 72ms
 ✓ Compiled in 208ms (478 modules)
 GET / 200 in 65ms
 GET /?id=1fd0eb25-c066-40fd-a8f5-cf20f5d06644&vscodeBrowserReqId=1772577903167 200 in 65ms
 ✓ Compiled in 215ms (478 modules)
 GET / 200 in 82ms
 GET /?id=1fd0eb25-c066-40fd-a8f5-cf20f5d06644&vscodeBrowserReqId=1772577903167 200 in 83ms
 ✓ Compiled in 204ms (478 modules)
 GET / 200 in 88ms
 GET /?id=1fd0eb25-c066-40fd-a8f5-cf20f5d06644&vscodeBrowserReqId=1772577903167 200 in 88ms
 ✓ Compiled in 215ms (478 modules)
 GET /?id=1fd0eb25-c066-40fd-a8f5-cf20f5d06644&vscodeBrowserReqId=1772577903167 200 in 64ms
 GET / 200 in 66ms
 ✓ Compiled in 203ms (478 modules)
 GET / 200 in 70ms
 GET /?id=1fd0eb25-c066-40fd-a8f5-cf20f5d06644&vscodeBrowserReqId=1772577903167 200 in 70ms
 ✓ Compiled in 264ms (478 modules)
 GET /?id=1fd0eb25-c066-40fd-a8f5-cf20f5d06644&vscodeBrowserReqId=1772577903167 200 in 62ms
 GET / 200 in 88ms
 ✓ Compiled in 178ms (478 modules)
 GET /?id=1fd0eb25-c066-40fd-a8f5-cf20f5d06644&vscodeBrowserReqId=1772577903167 200 in 72ms
 GET / 200 in 72ms
 ✓ Compiled in 179ms (478 modules)
 GET /?id=1fd0eb25-c066-40fd-a8f5-cf20f5d06644&vscodeBrowserReqId=1772577903167 200 in 67ms
 GET / 200 in 68ms
 ✓ Compiled in 170ms (478 modules)
 GET /?id=1fd0eb25-c066-40fd-a8f5-cf20f5d06644&vscodeBrowserReqId=1772577903167 200 in 87ms
 GET / 200 in 88ms
 ✓ Compiled in 216ms (478 modules)
 GET /?id=1fd0eb25-c066-40fd-a8f5-cf20f5d06644&vscodeBrowserReqId=1772577903167 200 in 87ms
 GET / 200 in 86ms
 ✓ Compiled in 229ms (478 modules)
 GET /?id=1fd0eb25-c066-40fd-a8f5-cf20f5d06644&vscodeBrowserReqId=1772577903167 200 in 82ms
 GET / 200 in 84ms
 ✓ Compiled in 246ms (478 modules)
 GET / 200 in 76ms
 GET /?id=1fd0eb25-c066-40fd-a8f5-cf20f5d06644&vscodeBrowserReqId=1772577903167 200 in 76ms
 ✓ Compiled in 264ms (478 modules)
 GET /?id=1fd0eb25-c066-40fd-a8f5-cf20f5d06644&vscodeBrowserReqId=1772577903167 200 in 80ms
 GET / 200 in 80ms
 ✓ Compiled in 180ms (478 modules)
 GET /?id=1fd0eb25-c066-40fd-a8f5-cf20f5d06644&vscodeBrowserReqId=1772577903167 200 in 58ms
 GET / 200 in 58ms
 ✓ Compiled in 195ms (478 modules)
 GET /?id=1fd0eb25-c066-40fd-a8f5-cf20f5d06644&vscodeBrowserReqId=1772577903167 200 in 76ms
 GET / 200 in 76ms
 ✓ Compiled in 256ms (478 modules)
 GET /?id=1fd0eb25-c066-40fd-a8f5-cf20f5d06644&vscodeBrowserReqId=1772577903167 200 in 73ms
 GET / 200 in 74ms
 ✓ Compiled in 216ms (478 modules)
 GET / 200 in 71ms
 GET /?id=1fd0eb25-c066-40fd-a8f5-cf20f5d06644&vscodeBrowserReqId=1772577903167 200 in 72ms
 ✓ Compiled in 243ms (478 modules)
 GET / 200 in 69ms
 GET /?id=1fd0eb25-c066-40fd-a8f5-cf20f5d06644&vscodeBrowserReqId=1772577903167 200 in 68ms
 ✓ Compiled in 217ms (478 modules)
 GET /?id=1fd0eb25-c066-40fd-a8f5-cf20f5d06644&vscodeBrowserReqId=1772577903167 200 in 83ms
 GET / 200 in 83ms
 ✓ Compiled in 251ms (478 modules)
 GET /?id=1fd0eb25-c066-40fd-a8f5-cf20f5d06644&vscodeBrowserReqId=1772577903167 200 in 76ms
 GET / 200 in 77ms
 ✓ Compiled in 196ms (478 modules)
 GET /?id=1fd0eb25-c066-40fd-a8f5-cf20f5d06644&vscodeBrowserReqId=1772577903167 200 in 70ms
 GET / 200 in 70ms
 ✓ Compiled in 185ms (478 modules)
 GET / 200 in 71ms
 GET /?id=1fd0eb25-c066-40fd-a8f5-cf20f5d06644&vscodeBrowserReqId=1772577903167 200 in 72ms
 ✓ Compiled in 167ms (478 modules)
 GET / 200 in 72ms
 GET /?id=1fd0eb25-c066-40fd-a8f5-cf20f5d06644&vscodeBrowserReqId=1772577903167 200 in 73ms
 ✓ Compiled in 172ms (478 modules)
 GET / 200 in 77ms
 GET /?id=1fd0eb25-c066-40fd-a8f5-cf20f5d06644&vscodeBrowserReqId=1772577903167 200 in 78ms
 ✓ Compiled in 242ms (478 modules)
 GET /?id=1fd0eb25-c066-40fd-a8f5-cf20f5d06644&vscodeBrowserReqId=1772577903167 200 in 80ms
 GET / 200 in 82ms
 ✓ Compiled in 221ms (478 modules)
 GET / 200 in 90ms
 GET /?id=1fd0eb25-c066-40fd-a8f5-cf20f5d06644&vscodeBrowserReqId=1772577903167 200 in 97ms
 ✓ Compiled in 201ms (478 modules)
 GET /?id=1fd0eb25-c066-40fd-a8f5-cf20f5d06644&vscodeBrowserReqId=1772577903167 200 in 59ms
 GET / 200 in 62ms
 ✓ Compiled in 177ms (478 modules)
 GET / 200 in 63ms
 GET /?id=1fd0eb25-c066-40fd-a8f5-cf20f5d06644&vscodeBrowserReqId=1772577903167 200 in 63ms
 ✓ Compiled in 166ms (478 modules)
 GET /?id=1fd0eb25-c066-40fd-a8f5-cf20f5d06644&vscodeBrowserReqId=1772577903167 200 in 71ms
 GET / 200 in 72ms
 ✓ Compiled in 177ms (478 modules)
 GET /?id=1fd0eb25-c066-40fd-a8f5-cf20f5d06644&vscodeBrowserReqId=1772577903167 200 in 49ms
 GET / 200 in 50ms
 ✓ Compiled in 172ms (478 modules)
 GET / 200 in 51ms
 GET /?id=1fd0eb25-c066-40fd-a8f5-cf20f5d06644&vscodeBrowserReqId=1772577903167 200 in 53ms
 ✓ Compiled in 177ms (478 modules)
 GET / 200 in 51ms
 GET /?id=1fd0eb25-c066-40fd-a8f5-cf20f5d06644&vscodeBrowserReqId=1772577903167 200 in 53ms
 ✓ Compiled in 167ms (478 modules)
 GET /?id=1fd0eb25-c066-40fd-a8f5-cf20f5d06644&vscodeBrowserReqId=1772577903167 200 in 48ms
 GET / 200 in 47ms
 ✓ Compiled in 166ms (478 modules)
 GET /?id=1fd0eb25-c066-40fd-a8f5-cf20f5d06644&vscodeBrowserReqId=1772577903167 200 in 52ms
 GET / 200 in 52ms
 ✓ Compiled in 170ms (478 modules)
 GET /?id=1fd0eb25-c066-40fd-a8f5-cf20f5d06644&vscodeBrowserReqId=1772577903167 200 in 54ms
 GET / 200 in 54ms
 ✓ Compiled in 169ms (478 modules)
 GET / 200 in 60ms
 GET /?id=1fd0eb25-c066-40fd-a8f5-cf20f5d06644&vscodeBrowserReqId=1772577903167 200 in 60ms
 ✓ Compiled in 171ms (478 modules)
 GET / 200 in 57ms
 GET /?id=1fd0eb25-c066-40fd-a8f5-cf20f5d06644&vscodeBrowserReqId=1772577903167 200 in 61ms
 ✓ Compiled in 164ms (478 modules)
 GET /?id=1fd0eb25-c066-40fd-a8f5-cf20f5d06644&vscodeBrowserReqId=1772577903167 200 in 60ms
 GET / 200 in 61ms
 ✓ Compiled in 156ms (478 modules)
 GET /?id=1fd0eb25-c066-40fd-a8f5-cf20f5d06644&vscodeBrowserReqId=1772577903167 200 in 59ms
 GET / 200 in 59ms
 ✓ Compiled in 193ms (478 modules)
 GET / 200 in 53ms
 GET /?id=1fd0eb25-c066-40fd-a8f5-cf20f5d06644&vscodeBrowserReqId=1772577903167 200 in 50ms
 ✓ Compiled in 160ms (478 modules)
 GET / 200 in 48ms
 GET /?id=1fd0eb25-c066-40fd-a8f5-cf20f5d06644&vscodeBrowserReqId=1772577903167 200 in 49ms
 ✓ Compiled in 167ms (478 modules)
 GET /?id=1fd0eb25-c066-40fd-a8f5-cf20f5d06644&vscodeBrowserReqId=1772577903167 200 in 54ms
 GET / 200 in 53ms
 ✓ Compiled in 162ms (478 modules)
 GET /?id=1fd0eb25-c066-40fd-a8f5-cf20f5d06644&vscodeBrowserReqId=1772577903167 200 in 50ms
 GET / 200 in 51ms
 ✓ Compiled in 163ms (478 modules)
 GET /?id=1fd0eb25-c066-40fd-a8f5-cf20f5d06644&vscodeBrowserReqId=1772577903167 200 in 53ms
 GET / 200 in 53ms
 ✓ Compiled in 164ms (478 modules)
 GET /?id=1fd0eb25-c066-40fd-a8f5-cf20f5d06644&vscodeBrowserReqId=1772577903167 200 in 55ms
 GET / 200 in 53ms
 ✓ Compiled in 166ms (478 modules)
 GET / 200 in 48ms
 GET /?id=1fd0eb25-c066-40fd-a8f5-cf20f5d06644&vscodeBrowserReqId=1772577903167 200 in 51ms
 ✓ Compiled in 160ms (478 modules)
 GET /?id=1fd0eb25-c066-40fd-a8f5-cf20f5d06644&vscodeBrowserReqId=1772577903167 200 in 51ms
 GET / 200 in 51ms
 ✓ Compiled in 163ms (478 modules)
 GET /?id=1fd0eb25-c066-40fd-a8f5-cf20f5d06644&vscodeBrowserReqId=1772577903167 200 in 50ms
 GET / 200 in 50ms
 ✓ Compiled in 162ms (478 modules)
 GET /?id=1fd0eb25-c066-40fd-a8f5-cf20f5d06644&vscodeBrowserReqId=1772577903167 200 in 62ms
 GET / 200 in 61ms
 ✓ Compiled in 153ms (478 modules)
 GET / 200 in 47ms
 GET /?id=1fd0eb25-c066-40fd-a8f5-cf20f5d06644&vscodeBrowserReqId=1772577903167 200 in 48ms
 ✓ Compiled in 171ms (478 modules)
 GET /?id=1fd0eb25-c066-40fd-a8f5-cf20f5d06644&vscodeBrowserReqId=1772577903167 200 in 59ms
 GET / 200 in 60ms
 ✓ Compiled in 164ms (478 modules)
 GET / 200 in 76ms
 GET /?id=1fd0eb25-c066-40fd-a8f5-cf20f5d06644&vscodeBrowserReqId=1772577903167 200 in 78ms
 ✓ Compiled in 179ms (478 modules)
 GET /?id=1fd0eb25-c066-40fd-a8f5-cf20f5d06644&vscodeBrowserReqId=1772577903167 200 in 67ms
 GET / 200 in 67ms
 ✓ Compiled in 164ms (478 modules)
 GET / 200 in 50ms
 GET /?id=1fd0eb25-c066-40fd-a8f5-cf20f5d06644&vscodeBrowserReqId=1772577903167 200 in 48ms
 ✓ Compiled in 162ms (478 modules)
 GET /?id=1fd0eb25-c066-40fd-a8f5-cf20f5d06644&vscodeBrowserReqId=1772577903167 200 in 71ms
 GET / 200 in 71ms
 ✓ Compiled in 184ms (478 modules)
 GET / 200 in 61ms
 GET /?id=1fd0eb25-c066-40fd-a8f5-cf20f5d06644&vscodeBrowserReqId=1772577903167 200 in 62ms
 ✓ Compiled in 187ms (478 modules)
 GET / 200 in 64ms
 GET /?id=1fd0eb25-c066-40fd-a8f5-cf20f5d06644&vscodeBrowserReqId=1772577903167 200 in 64ms
 ✓ Compiled in 183ms (478 modules)
 GET / 200 in 58ms
 GET /?id=1fd0eb25-c066-40fd-a8f5-cf20f5d06644&vscodeBrowserReqId=1772577903167 200 in 59ms
 ✓ Compiled in 174ms (478 modules)
 GET /?id=1fd0eb25-c066-40fd-a8f5-cf20f5d06644&vscodeBrowserReqId=1772577903167 200 in 60ms
 GET / 200 in 59ms
 ✓ Compiled in 166ms (478 modules)
 GET /?id=1fd0eb25-c066-40fd-a8f5-cf20f5d06644&vscodeBrowserReqId=1772577903167 200 in 56ms
 GET / 200 in 56ms
 ✓ Compiled in 160ms (478 modules)
 GET /?id=1fd0eb25-c066-40fd-a8f5-cf20f5d06644&vscodeBrowserReqId=1772577903167 200 in 52ms
 GET / 200 in 51ms
 ✓ Compiled in 167ms (478 modules)
 GET / 200 in 60ms
 GET /?id=1fd0eb25-c066-40fd-a8f5-cf20f5d06644&vscodeBrowserReqId=1772577903167 200 in 60ms
 ✓ Compiled in 161ms (478 modules)
 GET / 200 in 63ms
 GET /?id=1fd0eb25-c066-40fd-a8f5-cf20f5d06644&vscodeBrowserReqId=1772577903167 200 in 63ms
 ✓ Compiled in 160ms (478 modules)
 GET /?id=1fd0eb25-c066-40fd-a8f5-cf20f5d06644&vscodeBrowserReqId=1772577903167 200 in 57ms
 GET / 200 in 57ms
 ✓ Compiled in 162ms (478 modules)
 GET / 200 in 57ms
 GET /?id=1fd0eb25-c066-40fd-a8f5-cf20f5d06644&vscodeBrowserReqId=1772577903167 200 in 59ms
 ✓ Compiled in 162ms (478 modules)
 GET /?id=1fd0eb25-c066-40fd-a8f5-cf20f5d06644&vscodeBrowserReqId=1772577903167 200 in 58ms
 GET / 200 in 58ms
 ✓ Compiled in 180ms (478 modules)
 GET /?id=1fd0eb25-c066-40fd-a8f5-cf20f5d06644&vscodeBrowserReqId=1772577903167 200 in 54ms
 GET / 200 in 54ms
 ✓ Compiled in 152ms (478 modules)
 GET /?id=1fd0eb25-c066-40fd-a8f5-cf20f5d06644&vscodeBrowserReqId=1772577903167 200 in 49ms
 GET / 200 in 48ms
 ✓ Compiled in 173ms (478 modules)
 GET / 200 in 57ms
 GET /?id=1fd0eb25-c066-40fd-a8f5-cf20f5d06644&vscodeBrowserReqId=1772577903167 200 in 59ms
 ✓ Compiled in 166ms (478 modules)
 GET /?id=1fd0eb25-c066-40fd-a8f5-cf20f5d06644&vscodeBrowserReqId=1772577903167 200 in 58ms
 GET / 200 in 58ms
 ✓ Compiled in 163ms (478 modules)
 GET / 200 in 50ms
 GET /?id=1fd0eb25-c066-40fd-a8f5-cf20f5d06644&vscodeBrowserReqId=1772577903167 200 in 52ms
 ✓ Compiled in 162ms (478 modules)
 GET /?id=1fd0eb25-c066-40fd-a8f5-cf20f5d06644&vscodeBrowserReqId=1772577903167 200 in 48ms
 GET / 200 in 47ms
 ✓ Compiled in 167ms (478 modules)
 GET / 200 in 61ms
 GET /?id=1fd0eb25-c066-40fd-a8f5-cf20f5d06644&vscodeBrowserReqId=1772577903167 200 in 62ms
 ✓ Compiled in 163ms (478 modules)
 GET /?id=1fd0eb25-c066-40fd-a8f5-cf20f5d06644&vscodeBrowserReqId=1772577903167 200 in 63ms
 GET / 200 in 61ms
 ✓ Compiled in 165ms (478 modules)
 GET /?id=1fd0eb25-c066-40fd-a8f5-cf20f5d06644&vscodeBrowserReqId=1772577903167 200 in 55ms
 GET / 200 in 55ms
 ✓ Compiled in 180ms (478 modules)
 GET / 200 in 56ms
 GET /?id=1fd0eb25-c066-40fd-a8f5-cf20f5d06644&vscodeBrowserReqId=1772577903167 200 in 58ms
 ✓ Compiled in 176ms (478 modules)
 GET /?id=1fd0eb25-c066-40fd-a8f5-cf20f5d06644&vscodeBrowserReqId=1772577903167 200 in 59ms
 GET / 200 in 59ms
 ✓ Compiled in 155ms (478 modules)
 GET /?id=1fd0eb25-c066-40fd-a8f5-cf20f5d06644&vscodeBrowserReqId=1772577903167 200 in 55ms
 GET / 200 in 55ms
 GET /api/users 200 in 39ms
 ✓ Compiled in 160ms (478 modules)
 GET /?id=1fd0eb25-c066-40fd-a8f5-cf20f5d06644&vscodeBrowserReqId=1772577903167 200 in 47ms
 GET / 200 in 47ms
 ✓ Compiled in 158ms (478 modules)
 GET /?id=1fd0eb25-c066-40fd-a8f5-cf20f5d06644&vscodeBrowserReqId=1772577903167 200 in 54ms
 GET / 200 in 55ms
 ✓ Compiled in 163ms (478 modules)
 GET /?id=1fd0eb25-c066-40fd-a8f5-cf20f5d06644&vscodeBrowserReqId=1772577903167 200 in 66ms
 GET / 200 in 66ms
 ✓ Compiled in 192ms (478 modules)
 GET /?id=1fd0eb25-c066-40fd-a8f5-cf20f5d06644&vscodeBrowserReqId=1772577903167 200 in 60ms
 GET / 200 in 60ms
 ✓ Compiled in 208ms (478 modules)
 GET / 200 in 66ms
 GET /?id=1fd0eb25-c066-40fd-a8f5-cf20f5d06644&vscodeBrowserReqId=1772577903167 200 in 67ms
 ✓ Compiled in 239ms (478 modules)
 GET /?id=1fd0eb25-c066-40fd-a8f5-cf20f5d06644&vscodeBrowserReqId=1772577903167 200 in 80ms
 GET / 200 in 80ms
 ✓ Compiled in 188ms (478 modules)
 GET /?id=1fd0eb25-c066-40fd-a8f5-cf20f5d06644&vscodeBrowserReqId=1772577903167 200 in 61ms
 GET / 200 in 62ms
 ✓ Compiled in 177ms (478 modules)
 GET /?id=1fd0eb25-c066-40fd-a8f5-cf20f5d06644&vscodeBrowserReqId=1772577903167 200 in 59ms
 GET / 200 in 60ms
 ✓ Compiled in 204ms (478 modules)
 GET / 200 in 69ms
 GET /?id=1fd0eb25-c066-40fd-a8f5-cf20f5d06644&vscodeBrowserReqId=1772577903167 200 in 69ms
 ✓ Compiled in 200ms (478 modules)
 GET /?id=1fd0eb25-c066-40fd-a8f5-cf20f5d06644&vscodeBrowserReqId=1772577903167 200 in 69ms
 GET / 200 in 69ms
 ✓ Compiled in 203ms (478 modules)
 GET /?id=1fd0eb25-c066-40fd-a8f5-cf20f5d06644&vscodeBrowserReqId=1772577903167 200 in 49ms
 GET / 200 in 49ms
 ✓ Compiled in 180ms (478 modules)
 GET / 200 in 60ms
 GET /?id=1fd0eb25-c066-40fd-a8f5-cf20f5d06644&vscodeBrowserReqId=1772577903167 200 in 76ms
 ✓ Compiled in 197ms (478 modules)
 GET / 200 in 67ms
 GET /?id=1fd0eb25-c066-40fd-a8f5-cf20f5d06644&vscodeBrowserReqId=1772577903167 200 in 69ms
 ✓ Compiled in 199ms (478 modules)
 GET / 200 in 69ms
 GET /?id=1fd0eb25-c066-40fd-a8f5-cf20f5d06644&vscodeBrowserReqId=1772577903167 200 in 70ms
 ✓ Compiled in 244ms (478 modules)
 GET /?id=1fd0eb25-c066-40fd-a8f5-cf20f5d06644&vscodeBrowserReqId=1772577903167 200 in 68ms
 GET / 200 in 69ms
 ✓ Compiled in 170ms (478 modules)
 GET / 200 in 66ms
 GET /?id=1fd0eb25-c066-40fd-a8f5-cf20f5d06644&vscodeBrowserReqId=1772577903167 200 in 68ms
 ✓ Compiled in 189ms (478 modules)
 GET /?id=1fd0eb25-c066-40fd-a8f5-cf20f5d06644&vscodeBrowserReqId=1772577903167 200 in 69ms
 GET / 200 in 69ms
 ✓ Compiled in 168ms (478 modules)
 GET /?id=1fd0eb25-c066-40fd-a8f5-cf20f5d06644&vscodeBrowserReqId=1772577903167 200 in 61ms
 GET / 200 in 62ms
 ✓ Compiled in 179ms (478 modules)
 GET /?id=1fd0eb25-c066-40fd-a8f5-cf20f5d06644&vscodeBrowserReqId=1772577903167 200 in 69ms
 GET / 200 in 68ms
 ✓ Compiled in 223ms (478 modules)
 GET / 200 in 68ms
 GET /?id=1fd0eb25-c066-40fd-a8f5-cf20f5d06644&vscodeBrowserReqId=1772577903167 200 in 69ms
 ✓ Compiled in 224ms (478 modules)
 GET / 200 in 71ms
 GET /?id=1fd0eb25-c066-40fd-a8f5-cf20f5d06644&vscodeBrowserReqId=1772577903167 200 in 71ms
 ✓ Compiled in 262ms (478 modules)
 GET /?id=1fd0eb25-c066-40fd-a8f5-cf20f5d06644&vscodeBrowserReqId=1772577903167 200 in 68ms
 GET / 200 in 35ms
 ✓ Compiled in 229ms (478 modules)
 GET /?id=1fd0eb25-c066-40fd-a8f5-cf20f5d06644&vscodeBrowserReqId=1772577903167 200 in 87ms
 ✓ Compiled in 253ms (478 modules)
 GET /?id=1fd0eb25-c066-40fd-a8f5-cf20f5d06644&vscodeBrowserReqId=1772577903167 200 in 58ms
 ✓ Compiled in 180ms (478 modules)
 GET /?id=1fd0eb25-c066-40fd-a8f5-cf20f5d06644&vscodeBrowserReqId=1772577903167 200 in 50ms
 ✓ Compiled in 190ms (478 modules)
 GET /?id=1fd0eb25-c066-40fd-a8f5-cf20f5d06644&vscodeBrowserReqId=1772577903167 200 in 56ms
 ✓ Compiled in 168ms (478 modules)
 GET /?id=1fd0eb25-c066-40fd-a8f5-cf20f5d06644&vscodeBrowserReqId=1772577903167 200 in 61ms
 ✓ Compiled in 186ms (478 modules)
 GET /?id=1fd0eb25-c066-40fd-a8f5-cf20f5d06644&vscodeBrowserReqId=1772577903167 200 in 52ms
 ✓ Compiled in 199ms (478 modules)
 GET /?id=1fd0eb25-c066-40fd-a8f5-cf20f5d06644&vscodeBrowserReqId=1772577903167 200 in 57ms
 ✓ Compiled in 220ms (478 modules)
 GET /?id=1fd0eb25-c066-40fd-a8f5-cf20f5d06644&vscodeBrowserReqId=1772577903167 200 in 57ms
 ✓ Compiled in 171ms (478 modules)
 GET /?id=1fd0eb25-c066-40fd-a8f5-cf20f5d06644&vscodeBrowserReqId=1772577903167 200 in 58ms
 ✓ Compiled in 190ms (478 modules)
 GET /?id=1fd0eb25-c066-40fd-a8f5-cf20f5d06644&vscodeBrowserReqId=1772577903167 200 in 54ms
 ✓ Compiled in 206ms (478 modules)
 GET /?id=1fd0eb25-c066-40fd-a8f5-cf20f5d06644&vscodeBrowserReqId=1772577903167 200 in 69ms
 ✓ Compiled in 208ms (478 modules)
 GET /?id=1fd0eb25-c066-40fd-a8f5-cf20f5d06644&vscodeBrowserReqId=1772577903167 200 in 60ms
 ✓ Compiled in 169ms (478 modules)
 GET /?id=1fd0eb25-c066-40fd-a8f5-cf20f5d06644&vscodeBrowserReqId=1772577903167 200 in 44ms
 ✓ Compiled in 186ms (478 modules)
 GET /?id=1fd0eb25-c066-40fd-a8f5-cf20f5d06644&vscodeBrowserReqId=1772577903167 200 in 51ms
 ✓ Compiled in 176ms (478 modules)
 GET /?id=1fd0eb25-c066-40fd-a8f5-cf20f5d06644&vscodeBrowserReqId=1772577903167 200 in 51ms
 ✓ Compiled in 169ms (478 modules)
 GET /?id=1fd0eb25-c066-40fd-a8f5-cf20f5d06644&vscodeBrowserReqId=1772577903167 200 in 52ms
 ✓ Compiled in 156ms (478 modules)
 GET /?id=1fd0eb25-c066-40fd-a8f5-cf20f5d06644&vscodeBrowserReqId=1772577903167 200 in 40ms
 ✓ Compiled in 173ms (478 modules)
 GET /?id=1fd0eb25-c066-40fd-a8f5-cf20f5d06644&vscodeBrowserReqId=1772577903167 200 in 52ms
 ✓ Compiled in 170ms (478 modules)
 GET /?id=1fd0eb25-c066-40fd-a8f5-cf20f5d06644&vscodeBrowserReqId=1772577903167 200 in 58ms
 ✓ Compiled in 179ms (478 modules)
 GET /?id=1fd0eb25-c066-40fd-a8f5-cf20f5d06644&vscodeBrowserReqId=1772577903167 200 in 56ms
 ✓ Compiled in 168ms (478 modules)
 GET /?id=1fd0eb25-c066-40fd-a8f5-cf20f5d06644&vscodeBrowserReqId=1772577903167 200 in 48ms
 ✓ Compiled in 169ms (478 modules)
 GET /?id=1fd0eb25-c066-40fd-a8f5-cf20f5d06644&vscodeBrowserReqId=1772577903167 200 in 52ms
 ✓ Compiled in 166ms (478 modules)
 GET /?id=1fd0eb25-c066-40fd-a8f5-cf20f5d06644&vscodeBrowserReqId=1772577903167 200 in 49ms
 ✓ Compiled in 160ms (478 modules)
 GET /?id=1fd0eb25-c066-40fd-a8f5-cf20f5d06644&vscodeBrowserReqId=1772577903167 200 in 50ms
 ✓ Compiled in 168ms (478 modules)
 GET /?id=1fd0eb25-c066-40fd-a8f5-cf20f5d06644&vscodeBrowserReqId=1772577903167 200 in 53ms
 ✓ Compiled in 190ms (478 modules)
 GET /?id=1fd0eb25-c066-40fd-a8f5-cf20f5d06644&vscodeBrowserReqId=1772577903167 200 in 54ms
 ✓ Compiled in 174ms (478 modules)
 GET /?id=1fd0eb25-c066-40fd-a8f5-cf20f5d06644&vscodeBrowserReqId=1772577903167 200 in 41ms
 ✓ Compiled in 236ms (478 modules)
 GET /?id=1fd0eb25-c066-40fd-a8f5-cf20f5d06644&vscodeBrowserReqId=1772577903167 200 in 86ms
 ✓ Compiled in 258ms (478 modules)
 GET /?id=1fd0eb25-c066-40fd-a8f5-cf20f5d06644&vscodeBrowserReqId=1772577903167 200 in 61ms
 ✓ Compiled in 251ms (478 modules)
 GET /?id=1fd0eb25-c066-40fd-a8f5-cf20f5d06644&vscodeBrowserReqId=1772577903167 200 in 56ms
 ✓ Compiled in 273ms (478 modules)
 GET /?id=1fd0eb25-c066-40fd-a8f5-cf20f5d06644&vscodeBrowserReqId=1772577903167 200 in 48ms
 ✓ Compiled in 273ms (478 modules)
 GET /?id=1fd0eb25-c066-40fd-a8f5-cf20f5d06644&vscodeBrowserReqId=1772577903167 200 in 62ms
 ✓ Compiled in 251ms (478 modules)
 GET /?id=1fd0eb25-c066-40fd-a8f5-cf20f5d06644&vscodeBrowserReqId=1772577903167 200 in 63ms
 ✓ Compiled in 222ms (478 modules)
 GET /?id=1fd0eb25-c066-40fd-a8f5-cf20f5d06644&vscodeBrowserReqId=1772577903167 200 in 52ms
 ✓ Compiled in 221ms (478 modules)
 GET /?id=1fd0eb25-c066-40fd-a8f5-cf20f5d06644&vscodeBrowserReqId=1772577903167 200 in 53ms
 ✓ Compiled in 226ms (478 modules)
 GET /?id=1fd0eb25-c066-40fd-a8f5-cf20f5d06644&vscodeBrowserReqId=1772577903167 200 in 48ms
 ✓ Compiled in 192ms (478 modules)
 GET /?id=1fd0eb25-c066-40fd-a8f5-cf20f5d06644&vscodeBrowserReqId=1772577903167 200 in 57ms
 ✓ Compiled in 214ms (478 modules)
 GET /?id=1fd0eb25-c066-40fd-a8f5-cf20f5d06644&vscodeBrowserReqId=1772577903167 200 in 55ms
 ✓ Compiled in 230ms (478 modules)
 GET /?id=1fd0eb25-c066-40fd-a8f5-cf20f5d06644&vscodeBrowserReqId=1772577903167 200 in 64ms
 ✓ Compiled in 187ms (478 modules)
 GET /?id=1fd0eb25-c066-40fd-a8f5-cf20f5d06644&vscodeBrowserReqId=1772577903167 200 in 61ms
 ✓ Compiled in 203ms (478 modules)
 GET /?id=1fd0eb25-c066-40fd-a8f5-cf20f5d06644&vscodeBrowserReqId=1772577903167 200 in 65ms
 ✓ Compiled in 212ms (478 modules)
 GET /?id=1fd0eb25-c066-40fd-a8f5-cf20f5d06644&vscodeBrowserReqId=1772577903167 200 in 52ms
 ✓ Compiled in 202ms (478 modules)
 GET /?id=1fd0eb25-c066-40fd-a8f5-cf20f5d06644&vscodeBrowserReqId=1772577903167 200 in 53ms
 ✓ Compiled in 197ms (478 modules)
 GET /?id=1fd0eb25-c066-40fd-a8f5-cf20f5d06644&vscodeBrowserReqId=1772577903167 200 in 58ms
 ✓ Compiled in 200ms (478 modules)
 GET /?id=1fd0eb25-c066-40fd-a8f5-cf20f5d06644&vscodeBrowserReqId=1772577903167 200 in 66ms
 ✓ Compiled in 179ms (478 modules)
 GET /?id=1fd0eb25-c066-40fd-a8f5-cf20f5d06644&vscodeBrowserReqId=1772577903167 200 in 48ms
 ✓ Compiled in 185ms (478 modules)
 GET /?id=1fd0eb25-c066-40fd-a8f5-cf20f5d06644&vscodeBrowserReqId=1772577903167 200 in 59ms
 ✓ Compiled in 217ms (478 modules)
 GET /?id=1fd0eb25-c066-40fd-a8f5-cf20f5d06644&vscodeBrowserReqId=1772577903167 200 in 78ms
 ✓ Compiled in 237ms (478 modules)
 GET /?id=1fd0eb25-c066-40fd-a8f5-cf20f5d06644&vscodeBrowserReqId=1772577903167 200 in 53ms
 ✓ Compiled in 237ms (478 modules)
 GET /?id=1fd0eb25-c066-40fd-a8f5-cf20f5d06644&vscodeBrowserReqId=1772577903167 200 in 51ms
 ✓ Compiled in 239ms (478 modules)
 GET /?id=1fd0eb25-c066-40fd-a8f5-cf20f5d06644&vscodeBrowserReqId=1772577903167 200 in 67ms
 ✓ Compiled in 274ms (478 modules)
 GET /?id=1fd0eb25-c066-40fd-a8f5-cf20f5d06644&vscodeBrowserReqId=1772577903167 200 in 73ms
 ✓ Compiled in 223ms (478 modules)
 GET /?id=1fd0eb25-c066-40fd-a8f5-cf20f5d06644&vscodeBrowserReqId=1772577903167 200 in 98ms
 ✓ Compiled in 245ms (478 modules)
 GET /?id=1fd0eb25-c066-40fd-a8f5-cf20f5d06644&vscodeBrowserReqId=1772577903167 200 in 250ms
 ✓ Compiled in 319ms (478 modules)
 GET /?id=1fd0eb25-c066-40fd-a8f5-cf20f5d06644&vscodeBrowserReqId=1772577903167 200 in 85ms
 ✓ Compiled in 261ms (478 modules)
 GET /?id=1fd0eb25-c066-40fd-a8f5-cf20f5d06644&vscodeBrowserReqId=1772577903167 200 in 65ms
 ✓ Compiled in 269ms (478 modules)
 GET /?id=1fd0eb25-c066-40fd-a8f5-cf20f5d06644&vscodeBrowserReqId=1772577903167 200 in 58ms
 ✓ Compiled in 225ms (478 modules)
 GET /?id=1fd0eb25-c066-40fd-a8f5-cf20f5d06644&vscodeBrowserReqId=1772577903167 200 in 54ms
 ✓ Compiled in 191ms (478 modules)
 GET /?id=1fd0eb25-c066-40fd-a8f5-cf20f5d06644&vscodeBrowserReqId=1772577903167 200 in 49ms
 ✓ Compiled in 225ms (478 modules)
 GET /?id=1fd0eb25-c066-40fd-a8f5-cf20f5d06644&vscodeBrowserReqId=1772577903167 200 in 64ms
 ✓ Compiled in 168ms (478 modules)
 GET /?id=1fd0eb25-c066-40fd-a8f5-cf20f5d06644&vscodeBrowserReqId=1772577903167 200 in 49ms
 ✓ Compiled in 212ms (478 modules)
 GET /?id=1fd0eb25-c066-40fd-a8f5-cf20f5d06644&vscodeBrowserReqId=1772577903167 200 in 52ms
 ✓ Compiled in 225ms (478 modules)
 GET /?id=1fd0eb25-c066-40fd-a8f5-cf20f5d06644&vscodeBrowserReqId=1772577903167 200 in 53ms
 ✓ Compiled in 210ms (478 modules)
 GET /?id=1fd0eb25-c066-40fd-a8f5-cf20f5d06644&vscodeBrowserReqId=1772577903167 200 in 62ms
 ✓ Compiled in 196ms (478 modules)
 GET /?id=1fd0eb25-c066-40fd-a8f5-cf20f5d06644&vscodeBrowserReqId=1772577903167 200 in 57ms
 ✓ Compiled in 242ms (478 modules)
 GET /?id=1fd0eb25-c066-40fd-a8f5-cf20f5d06644&vscodeBrowserReqId=1772577903167 200 in 56ms
 ✓ Compiled in 220ms (478 modules)
 GET /?id=1fd0eb25-c066-40fd-a8f5-cf20f5d06644&vscodeBrowserReqId=1772577903167 200 in 270ms
 ✓ Compiled in 302ms (478 modules)
 GET /?id=1fd0eb25-c066-40fd-a8f5-cf20f5d06644&vscodeBrowserReqId=1772577903167 200 in 66ms
 ✓ Compiled in 200ms (478 modules)
 GET /?id=1fd0eb25-c066-40fd-a8f5-cf20f5d06644&vscodeBrowserReqId=1772577903167 200 in 68ms
 ✓ Compiled in 218ms (478 modules)
 GET /?id=1fd0eb25-c066-40fd-a8f5-cf20f5d06644&vscodeBrowserReqId=1772577903167 200 in 61ms
 ✓ Compiled in 248ms (478 modules)
 GET /?id=1fd0eb25-c066-40fd-a8f5-cf20f5d06644&vscodeBrowserReqId=1772577903167 200 in 71ms
 ✓ Compiled in 224ms (478 modules)
 GET /?id=1fd0eb25-c066-40fd-a8f5-cf20f5d06644&vscodeBrowserReqId=1772577903167 200 in 84ms
 ✓ Compiled in 236ms (478 modules)
 GET /?id=1fd0eb25-c066-40fd-a8f5-cf20f5d06644&vscodeBrowserReqId=1772577903167 200 in 65ms
 ✓ Compiled in 211ms (478 modules)
 GET /?id=1fd0eb25-c066-40fd-a8f5-cf20f5d06644&vscodeBrowserReqId=1772577903167 200 in 54ms
 ✓ Compiled in 214ms (478 modules)
 GET /?id=1fd0eb25-c066-40fd-a8f5-cf20f5d06644&vscodeBrowserReqId=1772577903167 200 in 75ms
 ✓ Compiled in 175ms (478 modules)
 GET /?id=1fd0eb25-c066-40fd-a8f5-cf20f5d06644&vscodeBrowserReqId=1772577903167 200 in 63ms
 ✓ Compiled in 245ms (478 modules)
 GET /?id=1fd0eb25-c066-40fd-a8f5-cf20f5d06644&vscodeBrowserReqId=1772577903167 200 in 56ms
 ✓ Compiled in 249ms (478 modules)
 GET /?id=1fd0eb25-c066-40fd-a8f5-cf20f5d06644&vscodeBrowserReqId=1772577903167 200 in 58ms
 ✓ Compiled in 226ms (478 modules)
 GET /?id=1fd0eb25-c066-40fd-a8f5-cf20f5d06644&vscodeBrowserReqId=1772577903167 200 in 204ms
 ✓ Compiled in 232ms (478 modules)
 GET /?id=1fd0eb25-c066-40fd-a8f5-cf20f5d06644&vscodeBrowserReqId=1772577903167 200 in 63ms
 ✓ Compiled in 292ms (478 modules)
 GET /?id=1fd0eb25-c066-40fd-a8f5-cf20f5d06644&vscodeBrowserReqId=1772577903167 200 in 66ms
 ✓ Compiled in 292ms (478 modules)
 GET /?id=1fd0eb25-c066-40fd-a8f5-cf20f5d06644&vscodeBrowserReqId=1772577903167 200 in 101ms
 ✓ Compiled in 348ms (478 modules)
 GET /?id=1fd0eb25-c066-40fd-a8f5-cf20f5d06644&vscodeBrowserReqId=1772577903167 200 in 58ms
 ✓ Compiled in 289ms (478 modules)
 ✓ Compiled in 275ms (478 modules)
 ✓ Compiled in 248ms (478 modules)
 ✓ Compiled in 259ms (478 modules)
 ✓ Compiled in 274ms (478 modules)
 ✓ Compiled in 225ms (478 modules)
 ✓ Compiled in 279ms (478 modules)
 ✓ Compiled in 210ms (478 modules)
 ✓ Compiled in 238ms (478 modules)
 ✓ Compiled in 218ms (478 modules)
 ✓ Compiled in 203ms (478 modules)
 ✓ Compiled in 171ms (478 modules)
 ✓ Compiled in 202ms (478 modules)
 ✓ Compiled in 196ms (478 modules)
 ✓ Compiled in 217ms (478 modules)
 ✓ Compiled in 250ms (478 modules)
 ✓ Compiled in 277ms (478 modules)
 ✓ Compiled in 265ms (478 modules)
 ✓ Compiled in 172ms (478 modules)
 ✓ Compiled in 173ms (478 modules)
 ✓ Compiled in 195ms (478 modules)
 ✓ Compiled in 197ms (478 modules)
 ✓ Compiled in 166ms (478 modules)
 ✓ Compiled in 167ms (478 modules)
 ✓ Compiled in 170ms (478 modules)
 ✓ Compiled in 168ms (478 modules)
 ✓ Compiled in 194ms (478 modules)
 ✓ Compiled in 187ms (478 modules)
 ✓ Compiled in 170ms (478 modules)
 ✓ Compiled in 174ms (478 modules)
 ✓ Compiled in 174ms (478 modules)
 ✓ Compiled in 161ms (478 modules)
 ✓ Compiled in 175ms (478 modules)
 ✓ Compiled in 178ms (478 modules)
 ✓ Compiled in 188ms (478 modules)
 ✓ Compiled in 162ms (478 modules)
 ✓ Compiled in 175ms (478 modules)
 ✓ Compiled in 166ms (478 modules)
 ✓ Compiled in 171ms (478 modules)
 ✓ Compiled in 165ms (478 modules)
 ✓ Compiled in 169ms (478 modules)
 ✓ Compiled in 171ms (478 modules)
 ✓ Compiled in 182ms (478 modules)
 ✓ Compiled in 177ms (478 modules)
 ✓ Compiled in 164ms (478 modules)
 ✓ Compiled in 222ms (478 modules)
 ✓ Compiled in 202ms (478 modules)
 ✓ Compiled in 324ms (478 modules)
 ✓ Compiled in 257ms (478 modules)
 ✓ Compiled in 261ms (478 modules)
 ✓ Compiled in 259ms (478 modules)
 ✓ Compiled in 242ms (478 modules)
 ✓ Compiled in 215ms (478 modules)
 ✓ Compiled in 240ms (478 modules)
 ✓ Compiled in 232ms (478 modules)
 ✓ Compiled in 257ms (478 modules)
 ✓ Compiled in 229ms (478 modules)
 ✓ Compiled in 232ms (478 modules)
 ✓ Compiled in 217ms (478 modules)
 ✓ Compiled in 254ms (478 modules)
 ✓ Compiled in 258ms (478 modules)
 ✓ Compiled in 260ms (478 modules)
 ✓ Compiled in 263ms (478 modules)
 ✓ Compiled in 255ms (478 modules)
 ✓ Compiled in 262ms (478 modules)
 ✓ Compiled in 239ms (478 modules)
 ✓ Compiled in 209ms (478 modules)
 ✓ Compiled in 259ms (478 modules)
 ✓ Compiled in 274ms (478 modules)
 ✓ Compiled in 254ms (478 modules)
 ✓ Compiled in 232ms (478 modules)
 ✓ Compiled in 236ms (478 modules)
 ✓ Compiled in 216ms (478 modules)
 ✓ Compiled in 247ms (478 modules)
 ✓ Compiled in 232ms (478 modules)
 ✓ Compiled in 233ms (478 modules)
 ✓ Compiled in 223ms (478 modules)
 ✓ Compiled in 203ms (478 modules)
 ✓ Compiled in 180ms (478 modules)
 ✓ Compiled in 197ms (478 modules)
 ✓ Compiled in 192ms (478 modules)
 ✓ Compiled in 174ms (478 modules)
 ✓ Compiled in 173ms (478 modules)
 ✓ Compiled in 173ms (478 modules)
 ✓ Compiled in 176ms (478 modules)
 ✓ Compiled in 178ms (478 modules)
 ✓ Compiled in 185ms (478 modules)
 ✓ Compiled in 171ms (478 modules)
 ✓ Compiled in 171ms (478 modules)
 ✓ Compiled in 175ms (478 modules)
 ✓ Compiled in 168ms (478 modules)
 ✓ Compiled in 177ms (478 modules)
 ✓ Compiled in 171ms (478 modules)
 ✓ Compiled in 157ms (478 modules)
 ✓ Compiled in 161ms (478 modules)
 POST /api/auth/login 200 in 333ms
 ✓ Compiled in 219ms (478 modules)
 POST /api/auth/login 200 in 343ms
 ✓ Compiled in 177ms (478 modules)
 POST /api/auth/login 401 in 270ms
 ✓ Compiled in 166ms (478 modules)
 ✓ Compiled in 171ms (478 modules)
 ✓ Compiled in 163ms (478 modules)
 ✓ Compiled in 161ms (478 modules)
 ✓ Compiled in 171ms (478 modules)
 ✓ Compiled in 169ms (478 modules)
 POST /api/auth/login 200 in 301ms
 ✓ Compiled in 174ms (478 modules)
 ✓ Compiled in 165ms (478 modules)
 ✓ Compiled in 178ms (478 modules)
 ✓ Compiled in 173ms (478 modules)
 ✓ Compiled in 166ms (478 modules)
 ✓ Compiled in 197ms (478 modules)
 ✓ Compiled in 181ms (478 modules)
 ✓ Compiled in 170ms (478 modules)
 ✓ Compiled in 170ms (478 modules)
 ✓ Compiled in 172ms (478 modules)
 ✓ Compiled in 161ms (478 modules)
 ✓ Compiled in 174ms (478 modules)
 ✓ Compiled in 178ms (478 modules)
 ✓ Compiled in 165ms (478 modules)
 ✓ Compiled in 191ms (478 modules)
 ✓ Compiled in 163ms (478 modules)
 ✓ Compiled in 168ms (478 modules)
 ✓ Compiled in 192ms (478 modules)
 ✓ Compiled in 172ms (478 modules)
 ✓ Compiled in 213ms (478 modules)
 ✓ Compiled in 211ms (478 modules)
 ✓ Compiled in 196ms (478 modules)
 ✓ Compiled in 241ms (478 modules)
 ✓ Compiled in 237ms (478 modules)
 ✓ Compiled in 207ms (478 modules)
 ✓ Compiled in 220ms (478 modules)
 ✓ Compiled in 251ms (478 modules)
 ✓ Compiled in 249ms (478 modules)
 ✓ Compiled in 229ms (478 modules)
 ✓ Compiled in 230ms (478 modules)
 ✓ Compiled in 254ms (478 modules)
 ✓ Compiled in 287ms (478 modules)
 ✓ Compiled in 211ms (478 modules)
 ✓ Compiled in 184ms (478 modules)
 ✓ Compiled in 175ms (478 modules)
 ✓ Compiled in 171ms (478 modules)
 ✓ Compiled in 185ms (478 modules)
 POST /api/auth/login 200 in 365ms
 ✓ Compiled in 176ms (478 modules)
 ✓ Compiled in 168ms (478 modules)
 ✓ Compiled in 167ms (478 modules)
 ✓ Compiled in 164ms (478 modules)
 ✓ Compiled in 173ms (478 modules)
 ✓ Compiled in 159ms (478 modules)
 ✓ Compiled in 177ms (478 modules)
 ✓ Compiled in 179ms (478 modules)
 ✓ Compiled in 157ms (478 modules)
 ✓ Compiled in 164ms (478 modules)
 ✓ Compiled in 177ms (478 modules)
 ✓ Compiled in 253ms (478 modules)
 ✓ Compiled in 240ms (478 modules)
 ✓ Compiled in 195ms (478 modules)
 ✓ Compiled in 245ms (478 modules)
 ✓ Compiled in 266ms (478 modules)
 ✓ Compiled in 259ms (478 modules)
 GET / 200 in 194ms
 ✓ Compiled in 258ms (478 modules)
 ✓ Compiled in 250ms (478 modules)
 ✓ Compiled in 252ms (478 modules)
 ✓ Compiled in 227ms (478 modules)
 ✓ Compiled in 194ms (478 modules)
 ✓ Compiled in 248ms (478 modules)
 ✓ Compiled in 236ms (478 modules)
 ✓ Compiled in 252ms (478 modules)
 ✓ Compiled in 221ms (478 modules)
 ✓ Compiled in 565ms (478 modules)
 GET / 200 in 60ms
 GET /api/auth/auto 404 in 146ms
 GET /api/auth/session 401 in 24ms
 GET /api/users 200 in 42ms
 POST /api/auth/login 200 in 409ms
 GET /api/users 200 in 44ms
 GET /api/documents 200 in 56ms
 GET /api/groups 200 in 68ms
 GET /api/documents 200 in 36ms
 GET /api/groups 200 in 51ms
 ○ Compiling /api/documents/create-from-upload ...
 ✓ Compiled /api/documents/create-from-upload in 4.5s (1296 modules)
 POST /api/documents/create-from-upload 200 in 5170ms
 GET / 200 in 749ms
 ✓ Compiled in 322ms (478 modules)
 POST /api/documents 200 in 239ms
 GET / 200 in 59ms
 ○ Compiling /_not-found ...
 ✓ Compiled /_not-found in 886ms (1286 modules)
 GET /.well-known/appspecific/com.chrome.devtools.json 404 in 1104ms
 ✓ Compiled in 476ms (1092 modules)
 GET / 200 in 187ms
 ✓ Compiled in 333ms (481 modules)
 GET / 200 in 246ms
 ✓ Compiled in 285ms (481 modules)
 ✓ Compiled in 254ms (481 modules)
 GET / 200 in 133ms
 ✓ Compiled in 210ms (481 modules)
 GET / 200 in 78ms
 GET / 200 in 32ms
 ✓ Compiled in 220ms (481 modules)
 GET / 200 in 53ms
 ✓ Compiled in 233ms (481 modules)
 GET / 200 in 59ms
 ✓ Compiled in 268ms (481 modules)
 GET / 200 in 59ms
 ✓ Compiled in 243ms (481 modules)
 GET / 200 in 69ms
 ✓ Compiled in 188ms (481 modules)
 GET / 200 in 62ms
 ✓ Compiled in 219ms (481 modules)
 GET / 200 in 58ms
 ✓ Compiled in 216ms (481 modules)
 GET / 200 in 59ms
 ✓ Compiled in 210ms (481 modules)
 GET / 200 in 56ms
 ✓ Compiled in 211ms (481 modules)
 GET / 200 in 61ms
 ✓ Compiled in 236ms (481 modules)
 GET / 200 in 58ms
 ✓ Compiled in 230ms (481 modules)
 GET / 200 in 57ms
 ✓ Compiled in 530ms (1092 modules)
 GET / 200 in 186ms
 ✓ Compiled in 358ms (481 modules)
 GET / 200 in 63ms
 ✓ Compiled in 228ms (481 modules)
 GET / 200 in 57ms
 ✓ Compiled in 234ms (481 modules)
 GET / 200 in 56ms
 ✓ Compiled in 230ms (481 modules)
 GET / 200 in 62ms
 ✓ Compiled in 217ms (481 modules)
 GET / 200 in 57ms
 ✓ Compiled in 199ms (481 modules)
 GET / 200 in 49ms
 ✓ Compiled in 196ms (481 modules)
 GET / 200 in 53ms
 ✓ Compiled in 194ms (481 modules)
 GET / 200 in 63ms
 ✓ Compiled in 225ms (481 modules)
 GET / 200 in 55ms
 ✓ Compiled in 233ms (481 modules)
 GET / 200 in 56ms
 ✓ Compiled in 237ms (481 modules)
 GET / 200 in 59ms
 ✓ Compiled in 229ms (481 modules)
 GET / 200 in 56ms
 ✓ Compiled in 236ms (481 modules)
 GET / 200 in 59ms
 ✓ Compiled in 229ms (481 modules)
 GET / 200 in 51ms
 ✓ Compiled in 251ms (481 modules)
 GET / 200 in 58ms
 ✓ Compiled in 238ms (481 modules)
 GET / 200 in 87ms
 ✓ Compiled in 260ms (481 modules)
 GET / 200 in 58ms
 ✓ Compiled in 227ms (481 modules)
 GET / 200 in 60ms
 ✓ Compiled in 231ms (481 modules)
 GET / 200 in 53ms
 ✓ Compiled in 240ms (481 modules)
 GET / 200 in 55ms
 ✓ Compiled in 223ms (481 modules)
 GET / 200 in 56ms
 ✓ Compiled in 238ms (481 modules)
 GET / 200 in 58ms
 ✓ Compiled in 234ms (481 modules)
 GET / 200 in 60ms
 ✓ Compiled in 232ms (481 modules)
 GET / 200 in 64ms
 ✓ Compiled in 222ms (481 modules)
 GET / 200 in 62ms
 ✓ Compiled in 230ms (481 modules)
 GET / 200 in 67ms
 ✓ Compiled in 221ms (481 modules)
 GET / 200 in 83ms
 ✓ Compiled in 236ms (481 modules)
 GET / 200 in 64ms
 ✓ Compiled in 240ms (481 modules)
 GET / 200 in 67ms
 ✓ Compiled in 240ms (481 modules)
 GET / 200 in 69ms
 ✓ Compiled in 217ms (478 modules)
 GET / 200 in 61ms
 ✓ Compiled in 183ms (478 modules)
 GET / 200 in 57ms
 ✓ Compiled in 247ms (478 modules)
 GET / 200 in 58ms
 ✓ Compiled in 231ms (478 modules)
 GET / 200 in 56ms
 ✓ Compiled in 218ms (478 modules)
 GET / 200 in 68ms
 ✓ Compiled in 270ms (478 modules)
 GET / 200 in 66ms
 ✓ Compiled in 254ms (478 modules)
 GET / 200 in 59ms
 ✓ Compiled in 236ms (478 modules)
 GET / 200 in 58ms
 ✓ Compiled in 430ms (1088 modules)
 GET / 200 in 134ms
 ⚠ Fast Refresh had to perform a full reload. Read more: https://nextjs.org/docs/messages/fast-refresh-reload
 ⚠ Fast Refresh had to perform a full reload. Read more: https://nextjs.org/docs/messages/fast-refresh-reload
 ✓ Compiled in 468ms (478 modules)
 GET /?id=1fd0eb25-c066-40fd-a8f5-cf20f5d06644&vscodeBrowserReqId=1772577903167 200 in 457ms
 GET / 200 in 333ms
 GET / 200 in 35ms
 ○ Compiling /_not-found ...
 ✓ Compiled /_not-found in 571ms (1092 modules)
 GET /.well-known/appspecific/com.chrome.devtools.json 404 in 752ms
 ✓ Compiled in 262ms (481 modules)
 ○ Compiling /api/auth/auto ...
 ✓ Compiled /api/auth/auto in 540ms (1108 modules)
 GET /api/auth/auto 200 in 788ms
 GET /api/auth/auto 200 in 331ms
 GET /?id=1fd0eb25-c066-40fd-a8f5-cf20f5d06644&vscodeBrowserReqId=1772577903167 200 in 584ms
 ○ Compiling /api/auth/session ...
 ✓ Compiled /api/auth/session in 859ms (1110 modules)
 GET /api/auth/session 401 in 483ms
 GET /api/auth/session 401 in 1004ms
 GET / 200 in 180ms
 GET /?id=1fd0eb25-c066-40fd-a8f5-cf20f5d06644&vscodeBrowserReqId=1772577903167 200 in 180ms
 ✓ Compiled /api/users in 138ms (631 modules)
 GET /api/users 200 in 260ms
 GET /api/users 200 in 263ms
 ✓ Compiled in 212ms (481 modules)
 GET /?id=1fd0eb25-c066-40fd-a8f5-cf20f5d06644&vscodeBrowserReqId=1772577903167 200 in 67ms
 GET / 200 in 24ms
 ✓ Compiled in 238ms (481 modules)
 GET / 200 in 65ms
 GET /?id=1fd0eb25-c066-40fd-a8f5-cf20f5d06644&vscodeBrowserReqId=1772577903167 200 in 68ms
 ✓ Compiled in 250ms (481 modules)
 GET /?id=1fd0eb25-c066-40fd-a8f5-cf20f5d06644&vscodeBrowserReqId=1772577903167 200 in 68ms
 GET / 200 in 67ms
 ✓ Compiled in 296ms (481 modules)
 GET / 200 in 81ms
 GET /?id=1fd0eb25-c066-40fd-a8f5-cf20f5d06644&vscodeBrowserReqId=1772577903167 200 in 80ms
 ✓ Compiled in 243ms (481 modules)
 ✓ Compiled in 193ms (481 modules)
 ✓ Compiled in 195ms (481 modules)
 ✓ Compiled in 234ms (481 modules)
 ✓ Compiled in 210ms (481 modules)
 ✓ Compiled in 185ms (481 modules)
 ✓ Compiled in 191ms (481 modules)
 ✓ Compiled in 188ms (481 modules)
 ✓ Compiled in 209ms (481 modules)
 ✓ Compiled in 186ms (481 modules)
 ✓ Compiled in 188ms (481 modules)
 ✓ Compiled in 203ms (481 modules)
 ✓ Compiled in 182ms (481 modules)
 ✓ Compiled in 212ms (481 modules)
 ✓ Compiled in 248ms (481 modules)
 ✓ Compiled in 193ms (481 modules)
 ✓ Compiled in 265ms (481 modules)
 ✓ Compiled in 243ms (481 modules)
 ✓ Compiled in 226ms (481 modules)
 ✓ Compiled in 260ms (481 modules)
 ✓ Compiled in 270ms (481 modules)
 ✓ Compiled in 254ms (481 modules)
 ✓ Compiled in 238ms (481 modules)
 ✓ Compiled in 294ms (481 modules)
 ✓ Compiled in 217ms (481 modules)
 ✓ Compiled in 198ms (481 modules)
 ✓ Compiled in 219ms (481 modules)
 ✓ Compiled in 208ms (481 modules)
 ✓ Compiled in 182ms (481 modules)
 ✓ Compiled in 217ms (481 modules)
 ✓ Compiled in 201ms (481 modules)
 ✓ Compiled in 190ms (481 modules)
 ✓ Compiled in 201ms (481 modules)
 ✓ Compiled in 194ms (481 modules)
 ✓ Compiled in 179ms (481 modules)
 ✓ Compiled in 201ms (481 modules)
 ✓ Compiled in 197ms (481 modules)
 ✓ Compiled in 196ms (481 modules)
 ✓ Compiled in 201ms (481 modules)
 ✓ Compiled in 184ms (481 modules)
 ✓ Compiled in 200ms (481 modules)
 ✓ Compiled in 195ms (481 modules)
 ✓ Compiled in 182ms (481 modules)
 ✓ Compiled in 180ms (481 modules)
 ✓ Compiled in 217ms (481 modules)
 ✓ Compiled in 294ms (481 modules)
 ✓ Compiled in 265ms (481 modules)
 ✓ Compiled in 208ms (481 modules)
 ✓ Compiled in 345ms (481 modules)
 ✓ Compiled in 320ms (481 modules)
 ✓ Compiled in 296ms (481 modules)
 ✓ Compiled in 380ms (481 modules)
 ✓ Compiled in 261ms (481 modules)
 ✓ Compiled in 230ms (481 modules)
 ✓ Compiled in 193ms (481 modules)
 ✓ Compiled in 199ms (481 modules)
 ✓ Compiled in 186ms (481 modules)
 ✓ Compiled in 195ms (481 modules)
 ✓ Compiled in 218ms (481 modules)
 ✓ Compiled in 267ms (481 modules)
 ✓ Compiled in 305ms (481 modules)
 ✓ Compiled in 639ms (481 modules)
 ✓ Compiled in 341ms (478 modules)
 ✓ Compiled in 314ms (478 modules)
 ✓ Compiled in 235ms (478 modules)
 ✓ Compiled in 270ms (478 modules)
 ✓ Compiled in 253ms (478 modules)
 ✓ Compiled in 252ms (478 modules)
 ✓ Compiled in 218ms (478 modules)
 ✓ Compiled in 213ms (478 modules)
 ✓ Compiled in 194ms (478 modules)
 ✓ Compiled in 192ms (478 modules)
 ✓ Compiled in 201ms (478 modules)
 ✓ Compiled in 221ms (478 modules)
 ✓ Compiled in 291ms (478 modules)
 ✓ Compiled in 250ms (478 modules)
 ✓ Compiled in 546ms (478 modules)
 ○ Compiling /_not-found ...
 ✓ Compiled /_not-found in 778ms (1092 modules)
 ⨯ Error: Cannot find module './467.js'
Require stack:
- C:\Users\mgrabinski\Downloads\Document-Manager\.next\server\webpack-runtime.js
- C:\Users\mgrabinski\Downloads\Document-Manager\.next\server\app\_not-found\page.js
- C:\Users\mgrabinski\Downloads\Document-Manager\node_modules\.pnpm\next@15.2.4_@babel+core@7.2_0304a9a9dd9c682157476521eb7cd0fc\node_modules\next\dist\server\require.js
- C:\Users\mgrabinski\Downloads\Document-Manager\node_modules\.pnpm\next@15.2.4_@babel+core@7.2_0304a9a9dd9c682157476521eb7cd0fc\node_modules\next\dist\server\load-components.js
- C:\Users\mgrabinski\Downloads\Document-Manager\node_modules\.pnpm\next@15.2.4_@babel+core@7.2_0304a9a9dd9c682157476521eb7cd0fc\node_modules\next\dist\build\utils.js
- C:\Users\mgrabinski\Downloads\Document-Manager\node_modules\.pnpm\next@15.2.4_@babel+core@7.2_0304a9a9dd9c682157476521eb7cd0fc\node_modules\next\dist\build\swc\options.js
- C:\Users\mgrabinski\Downloads\Document-Manager\node_modules\.pnpm\next@15.2.4_@babel+core@7.2_0304a9a9dd9c682157476521eb7cd0fc\node_modules\next\dist\build\swc\index.js
- C:\Users\mgrabinski\Downloads\Document-Manager\node_modules\.pnpm\next@15.2.4_@babel+core@7.2_0304a9a9dd9c682157476521eb7cd0fc\node_modules\next\dist\build\analysis\parse-module.js
- C:\Users\mgrabinski\Downloads\Document-Manager\node_modules\.pnpm\next@15.2.4_@babel+core@7.2_0304a9a9dd9c682157476521eb7cd0fc\node_modules\next\dist\build\analysis\get-page-static-info.js
- C:\Users\mgrabinski\Downloads\Document-Manager\node_modules\.pnpm\next@15.2.4_@babel+core@7.2_0304a9a9dd9c682157476521eb7cd0fc\node_modules\next\dist\server\lib\router-utils\setup-dev-bundler.js
- C:\Users\mgrabinski\Downloads\Document-Manager\node_modules\.pnpm\next@15.2.4_@babel+core@7.2_0304a9a9dd9c682157476521eb7cd0fc\node_modules\next\dist\server\lib\router-server.js
- C:\Users\mgrabinski\Downloads\Document-Manager\node_modules\.pnpm\next@15.2.4_@babel+core@7.2_0304a9a9dd9c682157476521eb7cd0fc\node_modules\next\dist\server\lib\start-server.js
    at __webpack_require__.f.require (C:\Users\mgrabinski\Downloads\Document-Manager\.next\server\webpack-runtime.js:203:28)
    at <unknown> (C:\Users\mgrabinski\Downloads\Document-Manager\.next\server\webpack-runtime.js:111:40)
    at Array.reduce (<anonymous>)
    at __webpack_require__.e (C:\Users\mgrabinski\Downloads\Document-Manager\.next\server\webpack-runtime.js:110:67)
    at Array.map (<anonymous>)
    at __webpack_require__.X (C:\Users\mgrabinski\Downloads\Document-Manager\.next\server\webpack-runtime.js:162:22)
    at <unknown> (C:\Users\mgrabinski\Downloads\Document-Manager\.next\server\app\_not-found\page.js:1:1933)
    at Object.<anonymous> (C:\Users\mgrabinski\Downloads\Document-Manager\.next\server\app\_not-found\page.js:1:1983) {
  code: 'MODULE_NOT_FOUND',
  requireStack: [Array]
}
 ○ Compiling /_error ...
 ✓ Compiled /_error in 1929ms (1515 modules)
 GET / 500 in 6973ms
 ✓ Compiled in 219ms (723 modules)
 ✓ Compiled in 222ms (723 modules)
 ✓ Compiled in 195ms (723 modules)
 ✓ Compiled in 240ms (723 modules)
 ✓ Compiled in 238ms (723 modules)
 ✓ Compiled in 188ms (723 modules)
 ✓ Compiled in 265ms (723 modules)
 ✓ Compiled in 247ms (723 modules)
 ✓ Compiled in 205ms (723 modules)
 ✓ Compiled in 232ms (723 modules)
 ✓ Compiled in 244ms (723 modules)
 ✓ Compiled in 218ms (723 modules)
 ✓ Compiled in 227ms (723 modules)
 ✓ Compiled in 246ms (723 modules)
 ✓ Compiled in 244ms (723 modules)
 ✓ Compiled in 233ms (723 modules)
 ✓ Compiled in 264ms (723 modules)
 ✓ Compiled in 247ms (723 modules)
 ✓ Compiled in 245ms (723 modules)
 ✓ Compiled in 213ms (723 modules)
 ✓ Compiled in 261ms (723 modules)
 ✓ Compiled in 259ms (723 modules)
 ✓ Compiled in 222ms (723 modules)
 ✓ Compiled in 238ms (723 modules)
 ✓ Compiled in 253ms (723 modules)
 ✓ Compiled in 194ms (723 modules)
 ✓ Compiled in 248ms (723 modules)
 ✓ Compiled in 229ms (723 modules)
 ✓ Compiled in 214ms (723 modules)
 ✓ Compiled in 246ms (723 modules)
 ✓ Compiled in 233ms (723 modules)
 ✓ Compiled in 248ms (723 modules)
 ✓ Compiled in 197ms (723 modules)
 ✓ Compiled in 226ms (723 modules)
 ✓ Compiled in 236ms (723 modules)
 ✓ Compiled in 191ms (723 modules)
 ✓ Compiled in 227ms (723 modules)
 ✓ Compiled in 209ms (723 modules)
 ✓ Compiled in 235ms (723 modules)
 ✓ Compiled in 263ms (723 modules)
 ✓ Compiled in 245ms (723 modules)
 ✓ Compiled in 217ms (723 modules)
 ✓ Compiled in 198ms (723 modules)
 ✓ Compiled in 226ms (723 modules)
 ✓ Compiled in 217ms (723 modules)
 ✓ Compiled in 208ms (723 modules)
 ✓ Compiled in 249ms (723 modules)
 ✓ Compiled in 241ms (723 modules)
 ✓ Compiled in 250ms (723 modules)
 ✓ Compiled in 261ms (723 modules)
 ✓ Compiled in 263ms (723 modules)
 ✓ Compiled in 185ms (723 modules)
 ✓ Compiled in 231ms (723 modules)
 ✓ Compiled in 247ms (723 modules)
 ✓ Compiled in 236ms (723 modules)
 ✓ Compiled in 218ms (723 modules)
 ✓ Compiled in 217ms (723 modules)
 ✓ Compiled in 247ms (723 modules)
 ✓ Compiled in 212ms (723 modules)
 ✓ Compiled in 252ms (723 modules)
 ✓ Compiled in 253ms (723 modules)
 ✓ Compiled in 175ms (723 modules)
 ✓ Compiled in 188ms (723 modules)
 ✓ Compiled in 233ms (723 modules)
 ✓ Compiled in 211ms (723 modules)
 ✓ Compiled in 209ms (723 modules)
 ✓ Compiled in 249ms (723 modules)
 ✓ Compiled in 223ms (723 modules)
 ✓ Compiled in 220ms (723 modules)
 ✓ Compiled in 212ms (723 modules)
 ✓ Compiled in 226ms (723 modules)
 ✓ Compiled in 218ms (723 modules)
 ✓ Compiled in 219ms (723 modules)
 ✓ Compiled in 229ms (723 modules)
 ✓ Compiled in 223ms (723 modules)
 ✓ Compiled in 280ms (723 modules)
 ✓ Compiled in 256ms (723 modules)
 ✓ Compiled in 248ms (723 modules)
 ✓ Compiled in 192ms (723 modules)
 ✓ Compiled in 244ms (723 modules)
 ✓ Compiled in 228ms (723 modules)
 ✓ Compiled in 195ms (723 modules)
 ✓ Compiled in 192ms (723 modules)
 ✓ Compiled in 243ms (723 modules)
 ✓ Compiled in 192ms (723 modules)
 ✓ Compiled in 259ms (723 modules)
 ✓ Compiled in 229ms (723 modules)
 ✓ Compiled in 244ms (723 modules)
 ✓ Compiled in 201ms (723 modules)
 ✓ Compiled in 269ms (723 modules)
 ✓ Compiled in 239ms (723 modules)
 ✓ Compiled in 195ms (723 modules)
 ✓ Compiled in 188ms (723 modules)
 ✓ Compiled in 191ms (723 modules)
 ✓ Compiled in 204ms (723 modules)
 ✓ Compiled in 203ms (723 modules)
 ✓ Compiled in 207ms (719 modules)
 ✓ Compiled in 220ms (719 modules)
 ✓ Compiled in 317ms (719 modules)
 ✓ Compiled in 512ms (719 modules)
 ✓ Compiled in 218ms (719 modules)
 ✓ Compiled in 201ms (719 modules)
 ✓ Compiled in 236ms (719 modules)
 ✓ Compiled in 199ms (719 modules)
 ✓ Compiled in 236ms (719 modules)
 ✓ Compiled in 223ms (719 modules)
 ✓ Compiled in 237ms (719 modules)
 ✓ Compiled in 195ms (719 modules)
 ✓ Compiled in 197ms (719 modules)
 ✓ Compiled in 234ms (719 modules)
 ✓ Compiled in 183ms (719 modules)
 ✓ Compiled in 178ms (719 modules)
 ✓ Compiled in 234ms (719 modules)
 ✓ Compiled in 232ms (719 modules)
 ✓ Compiled in 199ms (719 modules)
 ✓ Compiled in 226ms (719 modules)
 ✓ Compiled in 223ms (719 modules)
 ✓ Compiled in 217ms (719 modules)
 ✓ Compiled in 205ms (719 modules)
 ✓ Compiled in 259ms (719 modules)
 ✓ Compiled in 251ms (719 modules)
 ✓ Compiled in 216ms (719 modules)
 ✓ Compiled in 224ms (719 modules)
 ✓ Compiled in 236ms (719 modules)
 ✓ Compiled in 195ms (719 modules)
 ✓ Compiled in 226ms (719 modules)
 ✓ Compiled in 210ms (719 modules)
 ✓ Compiled in 221ms (719 modules)
 ✓ Compiled in 233ms (719 modules)
 ✓ Compiled in 236ms (719 modules)
 ✓ Compiled in 176ms (719 modules)
 ✓ Compiled in 184ms (719 modules)
 ✓ Compiled in 237ms (719 modules)
 ✓ Compiled in 186ms (719 modules)
 ✓ Compiled in 186ms (719 modules)
 ✓ Compiled in 256ms (719 modules)
 ✓ Compiled in 180ms (719 modules)
 ✓ Compiled in 205ms (719 modules)
 ✓ Compiled in 246ms (719 modules)
 ✓ Compiled in 222ms (719 modules)
 ✓ Compiled in 230ms (719 modules)
 ✓ Compiled in 183ms (719 modules)
 ✓ Compiled in 268ms (719 modules)
 ✓ Compiled in 223ms (719 modules)
 ✓ Compiled in 244ms (719 modules)
 ✓ Compiled in 249ms (719 modules)
 ✓ Compiled in 228ms (719 modules)
 ✓ Compiled in 201ms (719 modules)
 ✓ Compiled in 200ms (719 modules)
 ✓ Compiled in 245ms (719 modules)
 ✓ Compiled in 225ms (719 modules)
 ✓ Compiled in 244ms (719 modules)
 ✓ Compiled in 236ms (719 modules)
 ✓ Compiled in 217ms (719 modules)
 ✓ Compiled in 255ms (719 modules)
 ✓ Compiled in 232ms (719 modules)
 ✓ Compiled in 222ms (719 modules)
 ✓ Compiled in 187ms (719 modules)
 ✓ Compiled in 250ms (719 modules)
 ✓ Compiled in 207ms (719 modules)
 ✓ Compiled in 187ms (719 modules)
 ✓ Compiled in 185ms (719 modules)
 ✓ Compiled in 223ms (719 modules)
 ✓ Compiled in 199ms (719 modules)
 ✓ Compiled in 187ms (719 modules)
 ✓ Compiled in 209ms (719 modules)
 ✓ Compiled in 238ms (719 modules)
 ✓ Compiled in 202ms (719 modules)
 ✓ Compiled in 251ms (719 modules)
 ✓ Compiled in 213ms (719 modules)
 ✓ Compiled in 211ms (719 modules)
 ✓ Compiled in 238ms (719 modules)
 ✓ Compiled in 229ms (719 modules)
 ✓ Compiled in 193ms (719 modules)
 ✓ Compiled in 225ms (719 modules)
 ✓ Compiled in 238ms (719 modules)
 ✓ Compiled in 259ms (719 modules)
 ✓ Compiled in 252ms (719 modules)
 ✓ Compiled in 208ms (719 modules)
 ✓ Compiled in 250ms (719 modules)
 ✓ Compiled in 201ms (719 modules)
 ✓ Compiled in 258ms (719 modules)
 ✓ Compiled in 236ms (719 modules)
 ✓ Compiled in 231ms (719 modules)
 ✓ Compiled in 194ms (719 modules)
 ✓ Compiled in 234ms (719 modules)
 ✓ Compiled in 226ms (719 modules)
 ✓ Compiled in 208ms (719 modules)
 ✓ Compiled in 214ms (719 modules)
 ✓ Compiled in 254ms (719 modules)
 ✓ Compiled in 184ms (719 modules)
 ✓ Compiled in 226ms (719 modules)
 ✓ Compiled in 242ms (719 modules)
 ✓ Compiled in 267ms (719 modules)
 ✓ Compiled in 214ms (719 modules)
 ✓ Compiled in 189ms (719 modules)
 ✓ Compiled in 234ms (719 modules)
 ✓ Compiled in 201ms (719 modules)
 ✓ Compiled in 178ms (719 modules)
 ✓ Compiled in 239ms (719 modules)
 ✓ Compiled in 245ms (719 modules)
 ✓ Compiled in 205ms (719 modules)
 ✓ Compiled in 244ms (719 modules)
 ✓ Compiled in 214ms (719 modules)
 ✓ Compiled in 203ms (719 modules)
 ✓ Compiled in 252ms (719 modules)
 ✓ Compiled in 225ms (719 modules)
 ✓ Compiled in 231ms (719 modules)
 ✓ Compiled in 253ms (719 modules)
 ✓ Compiled in 259ms (719 modules)
 ✓ Compiled in 201ms (719 modules)
 ✓ Compiled in 208ms (719 modules)
 ✓ Compiled in 257ms (719 modules)
 ✓ Compiled in 195ms (719 modules)
 ✓ Compiled in 189ms (719 modules)
 ✓ Compiled in 226ms (719 modules)
 ✓ Compiled in 244ms (719 modules)
 ✓ Compiled in 183ms (719 modules)
 ✓ Compiled in 254ms (719 modules)
 ✓ Compiled in 246ms (719 modules)
 ✓ Compiled in 185ms (719 modules)
 ✓ Compiled in 200ms (719 modules)
 ✓ Compiled in 234ms (719 modules)
 ✓ Compiled in 196ms (719 modules)
 ✓ Compiled in 243ms (719 modules)
 ✓ Compiled in 218ms (719 modules)
 ✓ Compiled in 223ms (719 modules)
 ✓ Compiled in 222ms (719 modules)
 ✓ Compiled in 190ms (719 modules)
 ✓ Compiled in 247ms (719 modules)
 ✓ Compiled in 224ms (719 modules)
 ✓ Compiled in 259ms (719 modules)
 ✓ Compiled in 253ms (719 modules)
 ✓ Compiled in 262ms (719 modules)
 ✓ Compiled in 253ms (719 modules)
 ✓ Compiled in 258ms (719 modules)
 ✓ Compiled in 277ms (719 modules)
 ✓ Compiled in 211ms (719 modules)
 ✓ Compiled in 243ms (719 modules)
 ✓ Compiled in 270ms (719 modules)
 ✓ Compiled in 240ms (719 modules)
 ✓ Compiled in 217ms (719 modules)
 ✓ Compiled in 197ms (719 modules)
 ✓ Compiled in 245ms (719 modules)
 ✓ Compiled in 205ms (719 modules)
 ✓ Compiled in 295ms (719 modules)
 ✓ Compiled in 269ms (719 modules)
 ✓ Compiled in 261ms (719 modules)
 ✓ Compiled in 236ms (719 modules)
 ✓ Compiled in 247ms (719 modules)
 ✓ Compiled in 251ms (719 modules)
 ✓ Compiled in 193ms (719 modules)
 ✓ Compiled in 208ms (719 modules)
 ✓ Compiled in 226ms (719 modules)
 ✓ Compiled in 189ms (719 modules)
 ✓ Compiled in 228ms (719 modules)
 ✓ Compiled in 229ms (719 modules)
 ✓ Compiled in 227ms (719 modules)
 ✓ Compiled in 199ms (719 modules)
 ✓ Compiled in 212ms (719 modules)
 ✓ Compiled in 250ms (719 modules)
 ✓ Compiled in 218ms (719 modules)
 ✓ Compiled in 256ms (719 modules)
 ✓ Compiled in 255ms (719 modules)
 ✓ Compiled in 247ms (719 modules)
 ✓ Compiled in 191ms (719 modules)
 ✓ Compiled in 191ms (719 modules)
 ✓ Compiled in 238ms (719 modules)
 ✓ Compiled in 217ms (719 modules)
 ✓ Compiled in 217ms (719 modules)
 ✓ Compiled in 242ms (719 modules)
 ✓ Compiled in 257ms (719 modules)
 ✓ Compiled in 207ms (719 modules)
 ✓ Compiled in 265ms (719 modules)
 ✓ Compiled in 245ms (719 modules)
 ✓ Compiled in 237ms (719 modules)
 ✓ Compiled in 186ms (719 modules)
 ✓ Compiled in 237ms (719 modules)
 ✓ Compiled in 197ms (719 modules)
 ✓ Compiled in 194ms (719 modules)
 ✓ Compiled in 247ms (719 modules)
 ✓ Compiled in 237ms (719 modules)
 ✓ Compiled in 205ms (719 modules)
 ✓ Compiled in 197ms (719 modules)
 ✓ Compiled in 226ms (719 modules)
 ✓ Compiled in 204ms (719 modules)
 ✓ Compiled in 198ms (719 modules)
 ✓ Compiled in 231ms (719 modules)
 ✓ Compiled in 212ms (719 modules)
 ✓ Compiled in 259ms (719 modules)
 ✓ Compiled in 249ms (719 modules)
 ✓ Compiled in 241ms (719 modules)
 ✓ Compiled in 235ms (719 modules)
 ✓ Compiled in 187ms (719 modules)
 ✓ Compiled in 240ms (719 modules)
 ✓ Compiled in 249ms (719 modules)
 ✓ Compiled in 249ms (719 modules)
 ✓ Compiled in 223ms (719 modules)
 ✓ Compiled in 225ms (719 modules)
 ✓ Compiled in 183ms (719 modules)
 ✓ Compiled in 217ms (719 modules)
 ✓ Compiled in 239ms (719 modules)
 ✓ Compiled in 207ms (719 modules)
 ✓ Compiled in 186ms (719 modules)
 ✓ Compiled in 223ms (719 modules)
 ✓ Compiled in 218ms (719 modules)
 ✓ Compiled in 210ms (719 modules)
 ✓ Compiled in 259ms (719 modules)
 ✓ Compiled in 240ms (719 modules)
 ✓ Compiled in 190ms (719 modules)
 ✓ Compiled in 251ms (719 modules)
 ✓ Compiled in 245ms (719 modules)
 ✓ Compiled in 254ms (719 modules)
 ✓ Compiled in 262ms (719 modules)
 ✓ Compiled in 245ms (719 modules)
 ✓ Compiled in 258ms (719 modules)
 ✓ Compiled in 293ms (719 modules)
 ✓ Compiled in 265ms (719 modules)
 ✓ Compiled in 256ms (719 modules)
 ✓ Compiled in 253ms (719 modules)
 ✓ Compiled in 258ms (719 modules)
 ✓ Compiled in 301ms (719 modules)
 ✓ Compiled in 270ms (719 modules)
 ✓ Compiled in 248ms (719 modules)
 ✓ Compiled in 264ms (719 modules)
 ✓ Compiled in 278ms (719 modules)
 ✓ Compiled in 225ms (719 modules)
 ✓ Compiled in 207ms (719 modules)
 ✓ Compiled in 201ms (719 modules)
 ✓ Compiled in 197ms (719 modules)
 ✓ Compiled in 249ms (719 modules)
 ✓ Compiled in 249ms (719 modules)
 ✓ Compiled in 208ms (719 modules)
 ✓ Compiled in 239ms (719 modules)
 ✓ Compiled in 225ms (719 modules)
 ✓ Compiled in 192ms (719 modules)
 ✓ Compiled in 211ms (719 modules)
 ✓ Compiled in 217ms (719 modules)
 ✓ Compiled in 220ms (719 modules)
 ✓ Compiled in 229ms (719 modules)
 ✓ Compiled in 224ms (719 modules)
 ✓ Compiled in 209ms (719 modules)
 ✓ Compiled in 245ms (719 modules)
 ✓ Compiled in 301ms (719 modules)
 ✓ Compiled in 219ms (719 modules)
 ✓ Compiled in 265ms (719 modules)
 ✓ Compiled in 252ms (719 modules)
 ✓ Compiled in 258ms (719 modules)
 ✓ Compiled in 262ms (719 modules)
 ✓ Compiled in 265ms (719 modules)
 ✓ Compiled in 227ms (719 modules)
 ✓ Compiled in 254ms (719 modules)
 ✓ Compiled in 247ms (719 modules)
 ✓ Compiled in 244ms (719 modules)
 ✓ Compiled in 244ms (719 modules)
 ✓ Compiled in 246ms (719 modules)
 ✓ Compiled in 252ms (719 modules)
 ✓ Compiled in 261ms (719 modules)
 ✓ Compiled in 237ms (719 modules)
 ✓ Compiled in 259ms (719 modules)
 ✓ Compiled in 237ms (719 modules)
 ✓ Compiled in 241ms (719 modules)
 ✓ Compiled in 244ms (719 modules)
 ✓ Compiled in 240ms (719 modules)
 ✓ Compiled in 239ms (719 modules)
 ✓ Compiled in 192ms (719 modules)
 ✓ Compiled in 246ms (719 modules)
 ✓ Compiled in 236ms (719 modules)
 ✓ Compiled in 226ms (719 modules)
 ✓ Compiled in 255ms (719 modules)
 ✓ Compiled in 268ms (719 modules)
 ✓ Compiled in 276ms (719 modules)
 ✓ Compiled in 192ms (719 modules)
 ✓ Compiled in 235ms (719 modules)
 ✓ Compiled in 234ms (719 modules)
 ✓ Compiled in 229ms (719 modules)
 ✓ Compiled in 245ms (719 modules)
 ✓ Compiled in 246ms (719 modules)
 ✓ Compiled in 254ms (719 modules)
 ✓ Compiled in 251ms (719 modules)
 ✓ Compiled in 264ms (719 modules)
 ✓ Compiled in 269ms (719 modules)
 ✓ Compiled in 240ms (719 modules)
 ✓ Compiled in 246ms (719 modules)
 ✓ Compiled in 231ms (719 modules)
 ✓ Compiled in 242ms (719 modules)
 ✓ Compiled in 214ms (719 modules)
 ✓ Compiled in 255ms (719 modules)
 ✓ Compiled in 211ms (719 modules)
 ✓ Compiled in 183ms (719 modules)
 ✓ Compiled in 230ms (719 modules)
 ✓ Compiled in 198ms (719 modules)
 ✓ Compiled in 203ms (719 modules)
 ✓ Compiled in 249ms (719 modules)
 ✓ Compiled in 233ms (719 modules)
 ✓ Compiled in 202ms (719 modules)
 ✓ Compiled in 238ms (719 modules)
 ✓ Compiled in 285ms (719 modules)
 ✓ Compiled in 201ms (719 modules)
 ✓ Compiled in 222ms (719 modules)
 ✓ Compiled in 242ms (719 modules)
 ✓ Compiled in 206ms (719 modules)
 ✓ Compiled in 232ms (719 modules)
 ✓ Compiled in 246ms (719 modules)
 ✓ Compiled in 225ms (719 modules)
 ✓ Compiled in 211ms (719 modules)
 ✓ Compiled in 205ms (719 modules)
 ✓ Compiled in 243ms (719 modules)
 ✓ Compiled in 235ms (719 modules)
 ✓ Compiled in 200ms (719 modules)
 ✓ Compiled in 255ms (719 modules)
 ✓ Compiled in 183ms (719 modules)
 ✓ Compiled in 245ms (719 modules)
 ✓ Compiled in 251ms (719 modules)
 ✓ Compiled in 226ms (719 modules)
 ✓ Compiled in 195ms (719 modules)
 ✓ Compiled in 238ms (719 modules)
 ✓ Compiled in 226ms (719 modules)
 ✓ Compiled in 190ms (719 modules)
 ✓ Compiled in 242ms (719 modules)
 ✓ Compiled in 233ms (719 modules)
 ✓ Compiled in 204ms (719 modules)
 ✓ Compiled in 185ms (719 modules)
 ✓ Compiled in 216ms (719 modules)
 ✓ Compiled in 244ms (719 modules)
 ✓ Compiled in 224ms (719 modules)
 ✓ Compiled in 228ms (719 modules)
 ✓ Compiled in 227ms (719 modules)
 ✓ Compiled in 218ms (719 modules)
 ✓ Compiled in 239ms (719 modules)
 ✓ Compiled in 199ms (719 modules)
 ✓ Compiled in 219ms (719 modules)
 ✓ Compiled in 211ms (719 modules)
 ✓ Compiled in 235ms (719 modules)
 ✓ Compiled in 191ms (719 modules)
 ✓ Compiled in 199ms (719 modules)
 ✓ Compiled in 266ms (719 modules)
 ✓ Compiled in 187ms (719 modules)
 ✓ Compiled in 224ms (719 modules)
 ✓ Compiled in 240ms (719 modules)
 ✓ Compiled in 237ms (719 modules)
 ✓ Compiled in 185ms (719 modules)
 ✓ Compiled in 211ms (719 modules)
 ✓ Compiled in 253ms (719 modules)
 ✓ Compiled in 205ms (719 modules)
 ✓ Compiled in 247ms (719 modules)
 ✓ Compiled in 233ms (719 modules)
 ✓ Compiled in 203ms (719 modules)
 ✓ Compiled in 198ms (719 modules)
 ✓ Compiled in 241ms (719 modules)
 ✓ Compiled in 221ms (719 modules)
 ✓ Compiled in 255ms (719 modules)
 ✓ Compiled in 255ms (719 modules)
 ✓ Compiled in 247ms (719 modules)
 ✓ Compiled in 222ms (719 modules)
 ✓ Compiled in 215ms (719 modules)
 ✓ Compiled in 244ms (719 modules)
 ✓ Compiled in 206ms (719 modules)
 ✓ Compiled in 213ms (719 modules)
 ✓ Compiled in 228ms (719 modules)
 ✓ Compiled in 196ms (719 modules)
 ✓ Compiled in 215ms (719 modules)
 ✓ Compiled in 232ms (719 modules)
 ✓ Compiled in 206ms (719 modules)
 ✓ Compiled in 243ms (719 modules)
 ✓ Compiled in 248ms (719 modules)
 ✓ Compiled in 245ms (719 modules)
 ✓ Compiled in 242ms (719 modules)
 ✓ Compiled in 251ms (719 modules)
 ✓ Compiled in 244ms (719 modules)
 ✓ Compiled in 211ms (719 modules)
 ✓ Compiled in 207ms (719 modules)
 ✓ Compiled in 246ms (719 modules)
 ✓ Compiled in 206ms (719 modules)
 ✓ Compiled in 210ms (719 modules)
 ✓ Compiled in 227ms (719 modules)
 ✓ Compiled in 219ms (719 modules)
 ✓ Compiled in 247ms (719 modules)
 ✓ Compiled in 284ms (719 modules)
 ✓ Compiled in 274ms (719 modules)
 ✓ Compiled in 217ms (719 modules)
 ✓ Compiled in 250ms (719 modules)
 ✓ Compiled in 226ms (719 modules)
 ✓ Compiled in 246ms (719 modules)
 ✓ Compiled in 205ms (719 modules)
 ✓ Compiled in 262ms (719 modules)
 ✓ Compiled in 237ms (719 modules)
 ✓ Compiled in 231ms (719 modules)
 ✓ Compiled in 205ms (719 modules)
 ✓ Compiled in 257ms (719 modules)
 ✓ Compiled in 207ms (719 modules)
 ✓ Compiled in 258ms (719 modules)
 ✓ Compiled in 240ms (719 modules)
 ✓ Compiled in 221ms (719 modules)
 ✓ Compiled in 227ms (719 modules)
 ✓ Compiled in 258ms (719 modules)
 ✓ Compiled in 240ms (719 modules)
 ✓ Compiled in 211ms (719 modules)
 ✓ Compiled in 231ms (719 modules)
 ✓ Compiled in 244ms (719 modules)
 ✓ Compiled in 221ms (719 modules)
 ✓ Compiled in 254ms (719 modules)
 ✓ Compiled in 263ms (719 modules)
 ✓ Compiled in 205ms (719 modules)
 ✓ Compiled in 188ms (719 modules)
 ✓ Compiled in 292ms (719 modules)
 ✓ Compiled in 266ms (719 modules)
 ✓ Compiled in 278ms (719 modules)
 ✓ Compiled in 216ms (719 modules)
 ✓ Compiled in 205ms (719 modules)
 ✓ Compiled in 242ms (719 modules)
 ✓ Compiled in 261ms (719 modules)
 ✓ Compiled in 193ms (719 modules)
 ✓ Compiled in 269ms (719 modules)
 ✓ Compiled in 224ms (719 modules)
 ✓ Compiled in 258ms (719 modules)
 ✓ Compiled in 200ms (719 modules)
 ✓ Compiled in 292ms (719 modules)
 ✓ Compiled in 212ms (719 modules)
 ✓ Compiled in 193ms (719 modules)
 ✓ Compiled in 249ms (719 modules)
 ✓ Compiled in 225ms (719 modules)
 ✓ Compiled in 194ms (719 modules)
 ✓ Compiled in 226ms (719 modules)
 ✓ Compiled in 253ms (719 modules)
 ✓ Compiled in 242ms (719 modules)
 ✓ Compiled in 203ms (719 modules)
 ✓ Compiled in 224ms (719 modules)
 ✓ Compiled in 194ms (719 modules)
 ✓ Compiled in 199ms (719 modules)
 ✓ Compiled in 237ms (719 modules)
 ✓ Compiled in 235ms (719 modules)
 ✓ Compiled in 266ms (719 modules)
 ✓ Compiled in 223ms (719 modules)
 ✓ Compiled in 263ms (719 modules)
 ✓ Compiled in 179ms (719 modules)
 ✓ Compiled in 224ms (719 modules)
 ✓ Compiled in 243ms (719 modules)
 ✓ Compiled in 242ms (719 modules)
 ✓ Compiled in 223ms (719 modules)
 ✓ Compiled in 203ms (719 modules)
 ✓ Compiled in 251ms (719 modules)
 ✓ Compiled in 201ms (719 modules)
 ✓ Compiled in 214ms (719 modules)
 ✓ Compiled in 226ms (719 modules)
 ✓ Compiled in 227ms (719 modules)
 ✓ Compiled in 209ms (719 modules)
 ✓ Compiled in 230ms (719 modules)
 ✓ Compiled in 225ms (719 modules)
 ✓ Compiled in 219ms (719 modules)
 ✓ Compiled in 252ms (719 modules)
 ✓ Compiled in 225ms (719 modules)
 ✓ Compiled in 242ms (719 modules)
 ✓ Compiled in 230ms (719 modules)
 ✓ Compiled in 254ms (719 modules)
 ✓ Compiled in 250ms (719 modules)
 ✓ Compiled in 195ms (719 modules)
 ✓ Compiled in 254ms (719 modules)
 ✓ Compiled in 232ms (719 modules)
 ✓ Compiled in 288ms (719 modules)
 ✓ Compiled in 270ms (719 modules)
 ✓ Compiled in 258ms (719 modules)
 ✓ Compiled in 204ms (719 modules)
 ✓ Compiled in 241ms (719 modules)
 ✓ Compiled in 251ms (719 modules)
 ✓ Compiled in 228ms (719 modules)
 ✓ Compiled in 218ms (719 modules)
 ✓ Compiled in 253ms (719 modules)
 ✓ Compiled in 251ms (719 modules)
 ✓ Compiled in 238ms (719 modules)
 ✓ Compiled in 204ms (719 modules)
 ✓ Compiled in 252ms (719 modules)
 ✓ Compiled in 243ms (719 modules)
 ✓ Compiled in 209ms (719 modules)
 ✓ Compiled in 268ms (719 modules)
 ✓ Compiled in 260ms (719 modules)
 ✓ Compiled in 199ms (719 modules)
 ✓ Compiled in 257ms (719 modules)
 ✓ Compiled in 239ms (719 modules)
 ✓ Compiled in 220ms (719 modules)
 ✓ Compiled in 201ms (719 modules)
 ✓ Compiled in 233ms (719 modules)
 ✓ Compiled in 245ms (719 modules)
 ✓ Compiled in 258ms (719 modules)
 ✓ Compiled in 221ms (719 modules)
 ✓ Compiled in 247ms (719 modules)
 ✓ Compiled in 265ms (719 modules)
 ✓ Compiled in 231ms (719 modules)
 ✓ Compiled in 262ms (719 modules)
 ✓ Compiled in 199ms (719 modules)
 ✓ Compiled in 209ms (719 modules)
 ✓ Compiled in 233ms (719 modules)
 ✓ Compiled in 258ms (719 modules)
 ✓ Compiled in 209ms (719 modules)
 ✓ Compiled in 248ms (719 modules)
 ✓ Compiled in 269ms (719 modules)
 ✓ Compiled in 202ms (719 modules)
 ✓ Compiled in 210ms (719 modules)
 ✓ Compiled in 255ms (719 modules)
 ✓ Compiled in 244ms (719 modules)
 ✓ Compiled in 219ms (719 modules)
 ✓ Compiled in 240ms (719 modules)
 ✓ Compiled in 245ms (719 modules)
 ✓ Compiled in 241ms (719 modules)
 ✓ Compiled in 230ms (719 modules)
 ✓ Compiled in 237ms (719 modules)
 ✓ Compiled in 233ms (719 modules)
 ✓ Compiled in 244ms (719 modules)
 ✓ Compiled in 230ms (719 modules)
 ✓ Compiled in 233ms (719 modules)
 ✓ Compiled in 254ms (719 modules)
 ✓ Compiled in 232ms (719 modules)
 ✓ Compiled in 200ms (719 modules)
 ✓ Compiled in 249ms (719 modules)
 ✓ Compiled in 244ms (719 modules)
 ✓ Compiled in 223ms (719 modules)
 ✓ Compiled in 262ms (719 modules)
 ✓ Compiled in 234ms (719 modules)
 ✓ Compiled in 232ms (719 modules)
 ✓ Compiled in 218ms (719 modules)
 ✓ Compiled in 253ms (719 modules)
 ✓ Compiled in 220ms (719 modules)
 ✓ Compiled in 221ms (719 modules)
 ✓ Compiled in 250ms (719 modules)
 ✓ Compiled in 229ms (719 modules)
 ✓ Compiled in 242ms (719 modules)
 ✓ Compiled in 233ms (719 modules)
 ✓ Compiled in 239ms (719 modules)
 ✓ Compiled in 246ms (719 modules)
 ✓ Compiled in 277ms (719 modules)
 ✓ Compiled in 205ms (719 modules)
 ✓ Compiled in 245ms (719 modules)
 ✓ Compiled in 253ms (719 modules)
 ✓ Compiled in 251ms (719 modules)
 ✓ Compiled in 253ms (719 modules)
 ✓ Compiled in 227ms (719 modules)
 ✓ Compiled in 186ms (719 modules)
 ✓ Compiled in 247ms (719 modules)
 ✓ Compiled in 242ms (719 modules)
 ✓ Compiled in 199ms (719 modules)
 ✓ Compiled in 262ms (719 modules)
 ✓ Compiled in 251ms (719 modules)
 ✓ Compiled in 220ms (719 modules)
 ✓ Compiled in 198ms (719 modules)
 ✓ Compiled in 255ms (719 modules)
 ✓ Compiled in 234ms (719 modules)
 ✓ Compiled in 211ms (719 modules)
 ✓ Compiled in 238ms (719 modules)
 ✓ Compiled in 215ms (719 modules)
 ✓ Compiled in 195ms (719 modules)
 ✓ Compiled in 237ms (719 modules)
 ✓ Compiled in 240ms (719 modules)
 ✓ Compiled in 196ms (719 modules)
 ✓ Compiled in 246ms (719 modules)
 ✓ Compiled in 235ms (719 modules)
 ✓ Compiled in 273ms (719 modules)
 ✓ Compiled in 267ms (719 modules)
 ✓ Compiled in 234ms (719 modules)
 ✓ Compiled in 251ms (719 modules)
 ✓ Compiled in 213ms (719 modules)
 ✓ Compiled in 262ms (719 modules)
 ✓ Compiled in 244ms (719 modules)
 ✓ Compiled in 216ms (719 modules)
 ✓ Compiled in 241ms (719 modules)
 ✓ Compiled in 247ms (719 modules)
 ✓ Compiled in 223ms (719 modules)
 ✓ Compiled in 233ms (719 modules)
 ✓ Compiled in 266ms (719 modules)
 ✓ Compiled in 250ms (719 modules)
 ✓ Compiled in 232ms (719 modules)
 ✓ Compiled in 208ms (719 modules)
 ✓ Compiled in 251ms (719 modules)
 ✓ Compiled in 250ms (719 modules)
 ✓ Compiled in 259ms (719 modules)
 ✓ Compiled in 246ms (719 modules)
 ✓ Compiled in 239ms (719 modules)
 ✓ Compiled in 212ms (719 modules)
 ✓ Compiled in 260ms (719 modules)
 ✓ Compiled in 254ms (719 modules)
 ✓ Compiled in 244ms (719 modules)
 ✓ Compiled in 251ms (719 modules)
 ✓ Compiled in 237ms (719 modules)
 ✓ Compiled in 258ms (719 modules)
 ✓ Compiled in 257ms (719 modules)
 ✓ Compiled in 259ms (719 modules)
 ✓ Compiled in 237ms (719 modules)
 ✓ Compiled in 243ms (719 modules)
 ✓ Compiled in 249ms (719 modules)
 ✓ Compiled in 228ms (719 modules)
 ✓ Compiled in 256ms (719 modules)
 ✓ Compiled in 254ms (719 modules)
 ✓ Compiled in 264ms (719 modules)
 ✓ Compiled in 199ms (719 modules)
 ✓ Compiled in 207ms (719 modules)
 ✓ Compiled in 293ms (719 modules)
 ✓ Compiled in 272ms (719 modules)
 ✓ Compiled in 236ms (719 modules)
 ✓ Compiled in 231ms (719 modules)
 ✓ Compiled in 254ms (719 modules)
 ✓ Compiled in 211ms (719 modules)
 ✓ Compiled in 209ms (719 modules)
 ✓ Compiled in 219ms (719 modules)
 ✓ Compiled in 234ms (719 modules)
 ✓ Compiled in 220ms (719 modules)
 ✓ Compiled in 210ms (719 modules)
 ✓ Compiled in 253ms (719 modules)
 ✓ Compiled in 200ms (719 modules)
 ✓ Compiled in 243ms (719 modules)
 ✓ Compiled in 244ms (719 modules)
 ✓ Compiled in 238ms (719 modules)
 ✓ Compiled in 194ms (719 modules)
 ✓ Compiled in 245ms (719 modules)
 ✓ Compiled in 261ms (719 modules)
 ✓ Compiled in 180ms (719 modules)
 ✓ Compiled in 187ms (719 modules)
 ✓ Compiled in 223ms (719 modules)
 ✓ Compiled in 199ms (719 modules)
 ✓ Compiled in 237ms (719 modules)
 ✓ Compiled in 218ms (719 modules)
 ✓ Compiled in 201ms (719 modules)
 ✓ Compiled in 248ms (719 modules)
 ✓ Compiled in 237ms (719 modules)
 ✓ Compiled in 199ms (719 modules)
 ✓ Compiled in 260ms (719 modules)
 ✓ Compiled in 228ms (719 modules)
 ✓ Compiled in 221ms (719 modules)
 ✓ Compiled in 247ms (719 modules)
 ✓ Compiled in 210ms (719 modules)
 ✓ Compiled in 250ms (719 modules)
 ✓ Compiled in 266ms (719 modules)
 ✓ Compiled in 243ms (719 modules)
 ✓ Compiled in 211ms (719 modules)
 ✓ Compiled in 201ms (719 modules)
 ✓ Compiled in 245ms (719 modules)
 ✓ Compiled in 239ms (719 modules)
 ✓ Compiled in 207ms (719 modules)
 ✓ Compiled in 244ms (719 modules)
 ✓ Compiled in 201ms (719 modules)
 ✓ Compiled in 260ms (719 modules)
 ✓ Compiled in 250ms (719 modules)
 ✓ Compiled in 248ms (719 modules)
 ✓ Compiled in 220ms (719 modules)
 ✓ Compiled in 184ms (719 modules)
 ✓ Compiled in 225ms (719 modules)
 ✓ Compiled in 205ms (719 modules)
 ✓ Compiled in 211ms (719 modules)
 ✓ Compiled in 299ms (719 modules)
 ✓ Compiled in 242ms (719 modules)
 ✓ Compiled in 247ms (719 modules)
 ✓ Compiled in 220ms (719 modules)
 ✓ Compiled in 223ms (719 modules)
 ✓ Compiled in 203ms (719 modules)
 ✓ Compiled in 209ms (719 modules)
 ✓ Compiled in 235ms (719 modules)
 ✓ Compiled in 221ms (719 modules)
 ✓ Compiled in 192ms (719 modules)
 ✓ Compiled in 206ms (719 modules)
 ✓ Compiled in 235ms (719 modules)
 ✓ Compiled in 249ms (719 modules)
 ✓ Compiled in 231ms (719 modules)
 ✓ Compiled in 260ms (719 modules)
 ✓ Compiled in 196ms (719 modules)
 ✓ Compiled in 208ms (719 modules)
 ✓ Compiled in 276ms (719 modules)
 ✓ Compiled in 266ms (719 modules)
 ✓ Compiled in 207ms (719 modules)
 ✓ Compiled in 191ms (719 modules)
 ✓ Compiled in 265ms (719 modules)
 ✓ Compiled in 233ms (719 modules)
 ✓ Compiled in 262ms (719 modules)
 ✓ Compiled in 194ms (719 modules)
 ✓ Compiled in 218ms (719 modules)
 ✓ Compiled in 211ms (719 modules)
 ✓ Compiled in 224ms (719 modules)
 ✓ Compiled in 243ms (719 modules)
 ✓ Compiled in 248ms (719 modules)
 ✓ Compiled in 254ms (719 modules)
 ✓ Compiled in 247ms (719 modules)
 ✓ Compiled in 236ms (719 modules)
 ✓ Compiled in 226ms (719 modules)
 ✓ Compiled in 248ms (719 modules)
 ✓ Compiled in 253ms (719 modules)
 ✓ Compiled in 261ms (719 modules)
 ✓ Compiled in 252ms (719 modules)
 ✓ Compiled in 266ms (719 modules)
 ✓ Compiled in 239ms (719 modules)
 ✓ Compiled in 233ms (719 modules)
 ✓ Compiled in 224ms (719 modules)
 ✓ Compiled in 216ms (719 modules)
 ✓ Compiled in 252ms (719 modules)
 ✓ Compiled in 239ms (719 modules)
 ✓ Compiled in 251ms (719 modules)
 ✓ Compiled in 201ms (719 modules)
 ✓ Compiled in 229ms (719 modules)
 ✓ Compiled in 227ms (719 modules)
 ✓ Compiled in 245ms (719 modules)
 ✓ Compiled in 247ms (719 modules)
 ✓ Compiled in 232ms (719 modules)
 ✓ Compiled in 244ms (719 modules)
 ✓ Compiled in 204ms (719 modules)
 ✓ Compiled in 257ms (719 modules)
 ✓ Compiled in 255ms (719 modules)
 ✓ Compiled in 242ms (719 modules)
 ✓ Compiled in 219ms (719 modules)
 ✓ Compiled in 277ms (719 modules)
 ✓ Compiled in 217ms (719 modules)
 ✓ Compiled in 243ms (719 modules)
 ✓ Compiled in 235ms (719 modules)
 ✓ Compiled in 228ms (719 modules)
 ✓ Compiled in 236ms (719 modules)
 ✓ Compiled in 216ms (719 modules)
 ✓ Compiled in 238ms (719 modules)
 ✓ Compiled in 220ms (719 modules)
 ✓ Compiled in 247ms (719 modules)
 ✓ Compiled in 241ms (719 modules)
 ✓ Compiled in 257ms (719 modules)
 ✓ Compiled in 243ms (719 modules)
 ✓ Compiled in 211ms (719 modules)
 ✓ Compiled in 244ms (719 modules)
 ✓ Compiled in 215ms (719 modules)
 ✓ Compiled in 239ms (719 modules)
 ✓ Compiled in 203ms (719 modules)
 ✓ Compiled in 251ms (719 modules)
 ✓ Compiled in 229ms (719 modules)
 ✓ Compiled in 240ms (719 modules)
 ✓ Compiled in 230ms (719 modules)
 ✓ Compiled in 207ms (719 modules)
 ✓ Compiled in 237ms (719 modules)
 ✓ Compiled in 248ms (719 modules)
 ✓ Compiled in 248ms (719 modules)
 ✓ Compiled in 246ms (719 modules)
 ✓ Compiled in 268ms (719 modules)
 ✓ Compiled in 252ms (719 modules)
 ✓ Compiled in 254ms (719 modules)
 ✓ Compiled in 230ms (719 modules)
 ✓ Compiled in 279ms (719 modules)
 ✓ Compiled in 239ms (719 modules)
 ✓ Compiled in 237ms (719 modules)
 ✓ Compiled in 257ms (719 modules)
 ✓ Compiled in 254ms (719 modules)
 ✓ Compiled in 211ms (719 modules)
 ✓ Compiled in 195ms (719 modules)
 ✓ Compiled in 252ms (719 modules)
 ✓ Compiled in 182ms (719 modules)
 ✓ Compiled in 187ms (719 modules)
 ✓ Compiled in 233ms (719 modules)
 ✓ Compiled in 195ms (719 modules)
 ✓ Compiled in 198ms (719 modules)
 ✓ Compiled in 257ms (719 modules)
 ✓ Compiled in 239ms (719 modules)
 ✓ Compiled in 177ms (719 modules)
 ✓ Compiled in 214ms (719 modules)
 ✓ Compiled in 227ms (719 modules)
 ✓ Compiled in 186ms (719 modules)
 ✓ Compiled in 227ms (719 modules)
 ✓ Compiled in 248ms (719 modules)
 ✓ Compiled in 258ms (719 modules)
 ✓ Compiled in 239ms (719 modules)
 ✓ Compiled in 240ms (719 modules)
 ✓ Compiled in 245ms (719 modules)
 ✓ Compiled in 254ms (719 modules)
 ✓ Compiled in 222ms (719 modules)
 ✓ Compiled in 205ms (719 modules)
 ✓ Compiled in 196ms (719 modules)
 ✓ Compiled in 231ms (719 modules)
 ✓ Compiled in 223ms (719 modules)
 ✓ Compiled in 246ms (719 modules)
 ✓ Compiled in 218ms (719 modules)
 ✓ Compiled in 250ms (719 modules)
 ✓ Compiled in 191ms (719 modules)
 ✓ Compiled in 186ms (719 modules)
 ✓ Compiled in 226ms (719 modules)
 ✓ Compiled in 195ms (719 modules)
 ✓ Compiled in 181ms (719 modules)
 ✓ Compiled in 246ms (719 modules)
 ✓ Compiled in 219ms (719 modules)
 ✓ Compiled in 208ms (719 modules)
 ✓ Compiled in 215ms (719 modules)
 ✓ Compiled in 237ms (719 modules)
 ✓ Compiled in 203ms (719 modules)
 ✓ Compiled in 195ms (719 modules)
 ✓ Compiled in 234ms (719 modules)
 ✓ Compiled in 207ms (719 modules)
 ✓ Compiled in 251ms (719 modules)
 ✓ Compiled in 250ms (719 modules)
 ✓ Compiled in 187ms (719 modules)
 ✓ Compiled in 201ms (719 modules)
 ✓ Compiled in 188ms (719 modules)
 ✓ Compiled in 245ms (719 modules)
 ✓ Compiled in 199ms (719 modules)
 ✓ Compiled in 238ms (719 modules)
 ✓ Compiled in 258ms (719 modules)
 ✓ Compiled in 257ms (719 modules)
 ✓ Compiled in 244ms (719 modules)
 ✓ Compiled in 241ms (719 modules)
 ✓ Compiled in 251ms (719 modules)
 ✓ Compiled in 229ms (719 modules)
 ✓ Compiled in 235ms (719 modules)
 ✓ Compiled in 241ms (719 modules)
 ✓ Compiled in 253ms (719 modules)
 ✓ Compiled in 263ms (719 modules)
 ✓ Compiled in 257ms (719 modules)
 ✓ Compiled in 202ms (719 modules)
 ✓ Compiled in 180ms (719 modules)
 ✓ Compiled in 231ms (719 modules)
 ✓ Compiled in 185ms (719 modules)
 ✓ Compiled in 184ms (719 modules)
 ✓ Compiled in 225ms (719 modules)
 ✓ Compiled in 205ms (719 modules)
 ✓ Compiled in 195ms (719 modules)
 ✓ Compiled in 233ms (719 modules)
 ✓ Compiled in 239ms (719 modules)
 ✓ Compiled in 199ms (719 modules)
 ✓ Compiled in 199ms (719 modules)
 ✓ Compiled in 243ms (719 modules)
 ✓ Compiled in 197ms (719 modules)
 ✓ Compiled in 184ms (719 modules)
 ✓ Compiled in 229ms (719 modules)
 ✓ Compiled in 244ms (719 modules)
 ✓ Compiled in 196ms (719 modules)
 ✓ Compiled in 246ms (719 modules)
 ✓ Compiled in 223ms (719 modules)
 ✓ Compiled in 227ms (719 modules)
 ✓ Compiled in 214ms (719 modules)
 ✓ Compiled in 220ms (719 modules)
 ✓ Compiled in 201ms (719 modules)
 ✓ Compiled in 209ms (719 modules)
 ✓ Compiled in 255ms (719 modules)
 ✓ Compiled in 209ms (719 modules)
 ✓ Compiled in 184ms (719 modules)
 ✓ Compiled in 223ms (719 modules)
 ✓ Compiled in 189ms (719 modules)
 ✓ Compiled in 197ms (719 modules)
 ✓ Compiled in 229ms (719 modules)
 ✓ Compiled in 220ms (719 modules)
 ✓ Compiled in 196ms (719 modules)
 ✓ Compiled in 236ms (719 modules)
 ✓ Compiled in 266ms (719 modules)
 ✓ Compiled in 221ms (719 modules)
 ✓ Compiled in 203ms (719 modules)
 ✓ Compiled in 248ms (719 modules)
 ✓ Compiled in 224ms (719 modules)
 ✓ Compiled in 192ms (719 modules)
 ✓ Compiled in 214ms (719 modules)
 ✓ Compiled in 247ms (719 modules)
 ✓ Compiled in 242ms (719 modules)
 ✓ Compiled in 207ms (719 modules)
 ✓ Compiled in 242ms (719 modules)
 ✓ Compiled in 210ms (719 modules)
 ✓ Compiled in 206ms (719 modules)
 ✓ Compiled in 222ms (719 modules)
 ✓ Compiled in 217ms (719 modules)
 ✓ Compiled in 196ms (719 modules)
 ✓ Compiled in 249ms (719 modules)
 ✓ Compiled in 218ms (719 modules)
 ✓ Compiled in 218ms (719 modules)
 ✓ Compiled in 183ms (719 modules)
 ✓ Compiled in 227ms (719 modules)
 ✓ Compiled in 239ms (719 modules)
 ✓ Compiled in 256ms (719 modules)
 ✓ Compiled in 229ms (719 modules)
 ✓ Compiled in 222ms (719 modules)
 ✓ Compiled in 201ms (719 modules)
 ✓ Compiled in 231ms (719 modules)
 ✓ Compiled in 277ms (719 modules)
 ✓ Compiled in 213ms (719 modules)
 ✓ Compiled in 208ms (719 modules)
 ✓ Compiled in 250ms (719 modules)
 ✓ Compiled in 180ms (719 modules)
 ✓ Compiled in 195ms (719 modules)
 ✓ Compiled in 215ms (719 modules)
 ✓ Compiled in 181ms (719 modules)
 ✓ Compiled in 231ms (719 modules)
 ✓ Compiled in 227ms (719 modules)
 ✓ Compiled in 229ms (719 modules)
 ✓ Compiled in 181ms (719 modules)
 ✓ Compiled in 178ms (719 modules)
 ✓ Compiled in 251ms (719 modules)
 ✓ Compiled in 197ms (719 modules)
 ✓ Compiled in 199ms (719 modules)
 ✓ Compiled in 237ms (719 modules)
 ✓ Compiled in 189ms (719 modules)
 ✓ Compiled in 182ms (719 modules)
 ✓ Compiled in 232ms (719 modules)
 ✓ Compiled in 246ms (719 modules)
 ✓ Compiled in 209ms (719 modules)
 ✓ Compiled in 207ms (719 modules)
 ✓ Compiled in 240ms (719 modules)
 ✓ Compiled in 209ms (719 modules)
 ✓ Compiled in 238ms (719 modules)
 ✓ Compiled in 239ms (719 modules)
 ✓ Compiled in 251ms (719 modules)
 ✓ Compiled in 234ms (719 modules)
 ✓ Compiled in 235ms (719 modules)
 ✓ Compiled in 202ms (719 modules)
 ✓ Compiled in 190ms (719 modules)
 ✓ Compiled in 222ms (719 modules)
 ✓ Compiled in 229ms (719 modules)
 ✓ Compiled in 189ms (719 modules)
 ✓ Compiled in 243ms (719 modules)
 ✓ Compiled in 249ms (719 modules)
 ✓ Compiled in 192ms (719 modules)
 ✓ Compiled in 190ms (719 modules)
 ✓ Compiled in 237ms (719 modules)
 ✓ Compiled in 195ms (719 modules)
 ✓ Compiled in 243ms (719 modules)
 ✓ Compiled in 242ms (719 modules)
 ✓ Compiled in 183ms (719 modules)
 ✓ Compiled in 200ms (719 modules)
 ✓ Compiled in 198ms (719 modules)
 ✓ Compiled in 251ms (719 modules)
 ✓ Compiled in 193ms (719 modules)
 ✓ Compiled in 182ms (719 modules)
 ✓ Compiled in 206ms (719 modules)
 ✓ Compiled in 190ms (719 modules)
 ✓ Compiled in 203ms (719 modules)
 ✓ Compiled in 244ms (719 modules)
 ✓ Compiled in 250ms (719 modules)
 ✓ Compiled in 230ms (719 modules)
 ✓ Compiled in 248ms (719 modules)
 ✓ Compiled in 242ms (719 modules)
 ✓ Compiled in 208ms (719 modules)
 ✓ Compiled in 245ms (719 modules)
 ✓ Compiled in 233ms (719 modules)
 ✓ Compiled in 222ms (719 modules)
 ✓ Compiled in 207ms (719 modules)
 ✓ Compiled in 247ms (719 modules)
 ✓ Compiled in 226ms (719 modules)
 ✓ Compiled in 214ms (719 modules)
 ✓ Compiled in 236ms (719 modules)
 ✓ Compiled in 236ms (719 modules)
 ✓ Compiled in 230ms (719 modules)
 ✓ Compiled in 254ms (719 modules)
 ✓ Compiled in 239ms (719 modules)
 ✓ Compiled in 224ms (719 modules)
 ✓ Compiled in 246ms (719 modules)
 ✓ Compiled in 222ms (719 modules)
 ✓ Compiled in 207ms (719 modules)
 ✓ Compiled in 177ms (719 modules)
 ✓ Compiled in 254ms (719 modules)
 ✓ Compiled in 188ms (719 modules)
 ✓ Compiled in 255ms (719 modules)
 ✓ Compiled in 226ms (719 modules)
 ✓ Compiled in 195ms (719 modules)
 ✓ Compiled in 227ms (719 modules)
 ✓ Compiled in 285ms (719 modules)
 ✓ Compiled in 263ms (719 modules)
 ✓ Compiled in 206ms (719 modules)
 ✓ Compiled in 239ms (719 modules)
 ✓ Compiled in 227ms (719 modules)
 ✓ Compiled in 204ms (719 modules)
 ✓ Compiled in 204ms (719 modules)
 ✓ Compiled in 197ms (719 modules)
 ✓ Compiled in 246ms (719 modules)
 ✓ Compiled in 206ms (719 modules)
 ✓ Compiled in 199ms (719 modules)
 ✓ Compiled in 231ms (719 modules)
 ✓ Compiled in 188ms (719 modules)
 ✓ Compiled in 241ms (719 modules)
 ✓ Compiled in 237ms (719 modules)
 ✓ Compiled in 202ms (719 modules)
 ✓ Compiled in 198ms (719 modules)
 ✓ Compiled in 226ms (719 modules)
 ✓ Compiled in 229ms (719 modules)
 ✓ Compiled in 226ms (719 modules)
 ✓ Compiled in 198ms (719 modules)
 ✓ Compiled in 241ms (719 modules)
 ✓ Compiled in 193ms (719 modules)
 ✓ Compiled in 213ms (719 modules)
 ✓ Compiled in 230ms (719 modules)
 ✓ Compiled in 198ms (719 modules)
 ✓ Compiled in 230ms (719 modules)
 ✓ Compiled in 274ms (719 modules)
 ✓ Compiled in 251ms (719 modules)
 ✓ Compiled in 188ms (719 modules)
 ✓ Compiled in 215ms (719 modules)
 ✓ Compiled in 220ms (719 modules)
 ✓ Compiled in 206ms (719 modules)
 ✓ Compiled in 189ms (719 modules)
 ✓ Compiled in 225ms (719 modules)
 ✓ Compiled in 199ms (719 modules)
 ✓ Compiled in 188ms (719 modules)
 ✓ Compiled in 216ms (719 modules)
 ✓ Compiled in 244ms (719 modules)
 ✓ Compiled in 214ms (719 modules)
 ✓ Compiled in 191ms (719 modules)
 ✓ Compiled in 255ms (719 modules)
 ✓ Compiled in 180ms (719 modules)
 ✓ Compiled in 193ms (719 modules)
 ✓ Compiled in 231ms (719 modules)
 ✓ Compiled in 231ms (719 modules)
 ✓ Compiled in 186ms (719 modules)
 ✓ Compiled in 255ms (719 modules)
 ✓ Compiled in 216ms (719 modules)
 ✓ Compiled in 182ms (719 modules)
 ✓ Compiled in 198ms (719 modules)
 ✓ Compiled in 240ms (719 modules)
 ✓ Compiled in 205ms (719 modules)
 ✓ Compiled in 247ms (719 modules)
 ✓ Compiled in 280ms (719 modules)
 ✓ Compiled in 202ms (719 modules)
 ✓ Compiled in 221ms (719 modules)
 ✓ Compiled in 196ms (719 modules)
 ✓ Compiled in 232ms (719 modules)
 ✓ Compiled in 247ms (719 modules)
 ✓ Compiled in 218ms (719 modules)
 ✓ Compiled in 254ms (719 modules)
 ✓ Compiled in 227ms (719 modules)
 ✓ Compiled in 197ms (719 modules)
 ✓ Compiled in 233ms (719 modules)
 ✓ Compiled in 209ms (719 modules)
 ✓ Compiled in 190ms (719 modules)
 ✓ Compiled in 252ms (719 modules)
 ✓ Compiled in 271ms (719 modules)
 ✓ Compiled in 200ms (719 modules)
 ✓ Compiled in 196ms (719 modules)
 ✓ Compiled in 225ms (719 modules)
 ✓ Compiled in 186ms (719 modules)
 ✓ Compiled in 183ms (719 modules)
 ✓ Compiled in 243ms (719 modules)
 ✓ Compiled in 238ms (719 modules)
 ✓ Compiled in 193ms (719 modules)
 ✓ Compiled in 266ms (719 modules)
 ✓ Compiled in 243ms (719 modules)
 ✓ Compiled in 241ms (719 modules)
 ✓ Compiled in 207ms (719 modules)
 ✓ Compiled in 329ms (719 modules)
 ✓ Compiled in 237ms (719 modules)
 ✓ Compiled in 229ms (719 modules)
 ✓ Compiled in 190ms (719 modules)
 ✓ Compiled in 241ms (719 modules)
 ✓ Compiled in 208ms (719 modules)
 ✓ Compiled in 228ms (719 modules)
 ✓ Compiled in 247ms (719 modules)
 ✓ Compiled in 234ms (719 modules)
 ✓ Compiled in 210ms (719 modules)
 ✓ Compiled in 201ms (719 modules)
 ✓ Compiled in 245ms (719 modules)
 ✓ Compiled in 216ms (719 modules)
 ✓ Compiled in 188ms (719 modules)
 ✓ Compiled in 225ms (719 modules)
 ✓ Compiled in 183ms (719 modules)
 ✓ Compiled in 196ms (719 modules)
 ✓ Compiled in 249ms (719 modules)
 ✓ Compiled in 227ms (719 modules)
 ✓ Compiled in 196ms (719 modules)
 ✓ Compiled in 178ms (719 modules)
 ✓ Compiled in 226ms (719 modules)
 ✓ Compiled in 187ms (719 modules)
 ✓ Compiled in 193ms (719 modules)
 ✓ Compiled in 230ms (719 modules)
 ✓ Compiled in 195ms (719 modules)
 ✓ Compiled in 196ms (719 modules)
 ✓ Compiled in 280ms (719 modules)
 ✓ Compiled in 252ms (719 modules)
 ✓ Compiled in 212ms (719 modules)
 ✓ Compiled in 188ms (719 modules)
 ✓ Compiled in 227ms (719 modules)
 ✓ Compiled in 185ms (719 modules)
 ✓ Compiled in 218ms (719 modules)
 ✓ Compiled in 243ms (719 modules)
 ✓ Compiled in 218ms (719 modules)
 ✓ Compiled in 243ms (719 modules)
 ✓ Compiled in 221ms (719 modules)
 ✓ Compiled in 226ms (719 modules)
 ✓ Compiled in 196ms (719 modules)
 ✓ Compiled in 200ms (719 modules)
 ✓ Compiled in 259ms (719 modules)
 ✓ Compiled in 184ms (719 modules)
 ✓ Compiled in 201ms (719 modules)
 ✓ Compiled in 212ms (719 modules)
 ✓ Compiled in 222ms (719 modules)
 ✓ Compiled in 180ms (719 modules)
 ✓ Compiled in 187ms (719 modules)
 ✓ Compiled in 215ms (719 modules)
 ✓ Compiled in 197ms (719 modules)
 ✓ Compiled in 182ms (719 modules)
 ✓ Compiled in 217ms (719 modules)
 ✓ Compiled in 225ms (719 modules)
 ✓ Compiled in 187ms (719 modules)
 ✓ Compiled in 255ms (719 modules)
 ✓ Compiled in 236ms (719 modules)
 ✓ Compiled in 216ms (719 modules)
 ✓ Compiled in 191ms (719 modules)
 ✓ Compiled in 238ms (719 modules)
 ✓ Compiled in 198ms (719 modules)
 ✓ Compiled in 180ms (719 modules)
 ✓ Compiled in 222ms (719 modules)
 ✓ Compiled in 191ms (719 modules)
 ✓ Compiled in 218ms (719 modules)
 ✓ Compiled in 255ms (719 modules)
 ✓ Compiled in 267ms (719 modules)
 ✓ Compiled in 189ms (719 modules)
 ✓ Compiled in 208ms (719 modules)
 ✓ Compiled in 227ms (719 modules)
 ✓ Compiled in 220ms (719 modules)
 ✓ Compiled in 208ms (719 modules)
 ✓ Compiled in 180ms (719 modules)
 ✓ Compiled in 198ms (719 modules)
 ✓ Compiled in 182ms (719 modules)
 ✓ Compiled in 178ms (719 modules)
 ✓ Compiled in 241ms (719 modules)
 ✓ Compiled in 190ms (719 modules)
 ✓ Compiled in 176ms (719 modules)
 ✓ Compiled in 203ms (719 modules)
 ✓ Compiled in 234ms (719 modules)
 ✓ Compiled in 201ms (719 modules)
 ✓ Compiled in 257ms (719 modules)
 ✓ Compiled in 262ms (719 modules)
 ✓ Compiled in 198ms (719 modules)
 ✓ Compiled in 199ms (719 modules)
 ✓ Compiled in 224ms (719 modules)
 ✓ Compiled in 232ms (719 modules)
 ✓ Compiled in 276ms (719 modules)
 ✓ Compiled in 186ms (719 modules)
 ✓ Compiled in 232ms (719 modules)
 ✓ Compiled in 239ms (719 modules)
 ✓ Compiled in 187ms (719 modules)
 ✓ Compiled in 236ms (719 modules)
 ✓ Compiled in 237ms (719 modules)
 ✓ Compiled in 222ms (719 modules)
 ✓ Compiled in 209ms (719 modules)
 ✓ Compiled in 254ms (719 modules)
 ✓ Compiled in 227ms (719 modules)
 ✓ Compiled in 260ms (719 modules)
 ✓ Compiled in 235ms (719 modules)
 ✓ Compiled in 216ms (719 modules)
 ✓ Compiled in 243ms (719 modules)
 ✓ Compiled in 212ms (719 modules)
 ✓ Compiled in 198ms (719 modules)
 ✓ Compiled in 208ms (719 modules)
 ✓ Compiled in 246ms (719 modules)
 ✓ Compiled in 232ms (719 modules)
 ✓ Compiled in 194ms (719 modules)
 ✓ Compiled in 254ms (719 modules)
 ✓ Compiled in 249ms (719 modules)
 ✓ Compiled in 218ms (719 modules)
 ✓ Compiled in 197ms (719 modules)
 ✓ Compiled in 239ms (719 modules)
 ✓ Compiled in 208ms (719 modules)
 ✓ Compiled in 217ms (719 modules)
 ✓ Compiled in 232ms (719 modules)
 ✓ Compiled in 189ms (719 modules)
 ✓ Compiled in 189ms (719 modules)
 ✓ Compiled in 236ms (719 modules)
 ✓ Compiled in 204ms (719 modules)
 ✓ Compiled in 187ms (719 modules)
 ✓ Compiled in 221ms (719 modules)
 ✓ Compiled in 274ms (719 modules)
 ✓ Compiled in 210ms (719 modules)
 ✓ Compiled in 239ms (719 modules)
 ✓ Compiled in 246ms (719 modules)
 ✓ Compiled in 198ms (719 modules)
 ✓ Compiled in 207ms (719 modules)
 ✓ Compiled in 189ms (719 modules)
 ✓ Compiled in 223ms (719 modules)
 ✓ Compiled in 250ms (719 modules)
 ✓ Compiled in 220ms (719 modules)
 ✓ Compiled in 211ms (719 modules)
 ✓ Compiled in 191ms (719 modules)
 ✓ Compiled in 195ms (719 modules)
 ✓ Compiled in 264ms (719 modules)
 ✓ Compiled in 252ms (719 modules)
 ✓ Compiled in 200ms (719 modules)
 ✓ Compiled in 245ms (719 modules)
 ✓ Compiled in 253ms (719 modules)
 ✓ Compiled in 255ms (719 modules)
 ✓ Compiled in 194ms (719 modules)
 ✓ Compiled in 247ms (719 modules)
 ✓ Compiled in 203ms (719 modules)
 ✓ Compiled in 203ms (719 modules)
 ✓ Compiled in 237ms (719 modules)
 ✓ Compiled in 199ms (719 modules)
 ✓ Compiled in 194ms (719 modules)
 ✓ Compiled in 257ms (719 modules)
 ✓ Compiled in 240ms (719 modules)
 ✓ Compiled in 212ms (719 modules)
 ✓ Compiled in 206ms (719 modules)
 ✓ Compiled in 245ms (719 modules)
 ✓ Compiled in 183ms (719 modules)
 ✓ Compiled in 196ms (719 modules)
 ✓ Compiled in 240ms (719 modules)
 ✓ Compiled in 218ms (719 modules)
 ✓ Compiled in 273ms (719 modules)
 ✓ Compiled in 253ms (719 modules)
 ✓ Compiled in 239ms (719 modules)
 ✓ Compiled in 245ms (719 modules)
 ✓ Compiled in 267ms (719 modules)
 ✓ Compiled in 271ms (719 modules)
 ✓ Compiled in 249ms (719 modules)
 ✓ Compiled in 241ms (719 modules)
 ✓ Compiled in 247ms (719 modules)
 ✓ Compiled in 246ms (719 modules)
 ✓ Compiled in 250ms (719 modules)
 ✓ Compiled in 245ms (719 modules)
 ✓ Compiled in 250ms (719 modules)
 ✓ Compiled in 234ms (719 modules)
 ✓ Compiled in 237ms (719 modules)
 ✓ Compiled in 229ms (719 modules)
 ✓ Compiled in 191ms (719 modules)
 ✓ Compiled in 207ms (719 modules)
 ✓ Compiled in 245ms (719 modules)
 ✓ Compiled in 193ms (719 modules)
 ✓ Compiled in 200ms (719 modules)
 ✓ Compiled in 218ms (719 modules)
 ✓ Compiled in 242ms (719 modules)
 ✓ Compiled in 215ms (719 modules)
 ✓ Compiled in 216ms (719 modules)
 ✓ Compiled in 237ms (719 modules)
 ✓ Compiled in 234ms (719 modules)
 ✓ Compiled in 202ms (719 modules)
 ✓ Compiled in 212ms (719 modules)
 ✓ Compiled in 200ms (719 modules)
 ✓ Compiled in 184ms (719 modules)
 ✓ Compiled in 238ms (719 modules)
 ✓ Compiled in 240ms (719 modules)
 ✓ Compiled in 245ms (719 modules)
 ✓ Compiled in 215ms (719 modules)
 ✓ Compiled in 229ms (719 modules)
 ✓ Compiled in 228ms (719 modules)
 ✓ Compiled in 194ms (719 modules)
 ✓ Compiled in 226ms (719 modules)
 ✓ Compiled in 189ms (719 modules)
 ✓ Compiled in 186ms (719 modules)
 ✓ Compiled in 233ms (719 modules)
 ✓ Compiled in 217ms (719 modules)
 ✓ Compiled in 193ms (719 modules)
 ✓ Compiled in 175ms (719 modules)
 ✓ Compiled in 227ms (719 modules)
 ✓ Compiled in 197ms (719 modules)
 ✓ Compiled in 192ms (719 modules)
 ✓ Compiled in 242ms (719 modules)
 ✓ Compiled in 197ms (719 modules)
 ✓ Compiled in 219ms (719 modules)
 ✓ Compiled in 237ms (719 modules)
 ✓ Compiled in 237ms (719 modules)
 ✓ Compiled in 251ms (719 modules)
 ✓ Compiled in 250ms (719 modules)
 ✓ Compiled in 231ms (719 modules)
 ✓ Compiled in 256ms (719 modules)
 ✓ Compiled in 214ms (719 modules)
 ✓ Compiled in 231ms (719 modules)
 ✓ Compiled in 256ms (719 modules)
 ✓ Compiled in 287ms (719 modules)
 ✓ Compiled in 233ms (719 modules)
 ✓ Compiled in 242ms (719 modules)
 ✓ Compiled in 253ms (719 modules)
 ✓ Compiled in 252ms (719 modules)
 ✓ Compiled in 247ms (719 modules)
 ✓ Compiled in 254ms (719 modules)
 ✓ Compiled in 198ms (719 modules)
 ✓ Compiled in 240ms (719 modules)
 ✓ Compiled in 213ms (719 modules)
 ✓ Compiled in 239ms (719 modules)
 ✓ Compiled in 276ms (719 modules)
 ✓ Compiled in 249ms (719 modules)
 ✓ Compiled in 255ms (719 modules)
 ✓ Compiled in 185ms (719 modules)
 ✓ Compiled in 249ms (719 modules)
 ✓ Compiled in 210ms (719 modules)
 ✓ Compiled in 218ms (719 modules)
 ✓ Compiled in 239ms (719 modules)
 ✓ Compiled in 222ms (719 modules)
 ✓ Compiled in 211ms (719 modules)
 ✓ Compiled in 240ms (719 modules)
 ✓ Compiled in 239ms (719 modules)
 ✓ Compiled in 208ms (719 modules)
 ✓ Compiled in 190ms (719 modules)
 ✓ Compiled in 237ms (719 modules)
 ✓ Compiled in 268ms (719 modules)
 ✓ Compiled in 210ms (719 modules)
 ✓ Compiled in 226ms (719 modules)
 ✓ Compiled in 198ms (719 modules)
 ✓ Compiled in 192ms (719 modules)
 ✓ Compiled in 180ms (719 modules)
 ✓ Compiled in 224ms (719 modules)
 ✓ Compiled in 181ms (719 modules)
 ✓ Compiled in 187ms (719 modules)
 ✓ Compiled in 230ms (719 modules)
 ✓ Compiled in 191ms (719 modules)
 ✓ Compiled in 187ms (719 modules)
 ✓ Compiled in 232ms (719 modules)
 ✓ Compiled in 220ms (719 modules)
 ✓ Compiled in 187ms (719 modules)
 ✓ Compiled in 196ms (719 modules)
 ✓ Compiled in 264ms (719 modules)
 ✓ Compiled in 170ms (719 modules)
 ✓ Compiled in 187ms (719 modules)
 ✓ Compiled in 190ms (719 modules)
 ✓ Compiled in 225ms (719 modules)
 ✓ Compiled in 182ms (719 modules)
 ✓ Compiled in 216ms (719 modules)
 ✓ Compiled in 230ms (719 modules)
 ✓ Compiled in 185ms (719 modules)
 ✓ Compiled in 187ms (719 modules)
 ✓ Compiled in 228ms (719 modules)
 ✓ Compiled in 264ms (719 modules)
 ✓ Compiled in 225ms (719 modules)
 ✓ Compiled in 232ms (719 modules)
 ✓ Compiled in 239ms (719 modules)
 ✓ Compiled in 182ms (719 modules)
 ✓ Compiled in 212ms (719 modules)
 ✓ Compiled in 222ms (719 modules)
 ✓ Compiled in 194ms (719 modules)
 ✓ Compiled in 200ms (719 modules)
 ✓ Compiled in 235ms (719 modules)
 ✓ Compiled in 214ms (719 modules)
 ✓ Compiled in 194ms (719 modules)
 ✓ Compiled in 215ms (719 modules)
 ✓ Compiled in 236ms (719 modules)
 ✓ Compiled in 248ms (719 modules)
 ✓ Compiled in 176ms (719 modules)
 ✓ Compiled in 230ms (719 modules)
 ✓ Compiled in 214ms (719 modules)
 ✓ Compiled in 202ms (719 modules)
 ✓ Compiled in 257ms (719 modules)
 ✓ Compiled in 208ms (719 modules)
 ✓ Compiled in 207ms (719 modules)
 ✓ Compiled in 261ms (719 modules)
 ✓ Compiled in 244ms (719 modules)
 ✓ Compiled in 198ms (719 modules)
 ✓ Compiled in 203ms (719 modules)
 ✓ Compiled in 224ms (719 modules)
 ✓ Compiled in 245ms (719 modules)
 ✓ Compiled in 202ms (719 modules)
 ✓ Compiled in 239ms (719 modules)
 ✓ Compiled in 216ms (719 modules)
 ✓ Compiled in 219ms (719 modules)
 ✓ Compiled in 188ms (719 modules)
 ✓ Compiled in 247ms (719 modules)
 ✓ Compiled in 196ms (719 modules)
 ✓ Compiled in 192ms (719 modules)
 ✓ Compiled in 232ms (719 modules)
 ✓ Compiled in 180ms (719 modules)
 ✓ Compiled in 192ms (719 modules)
 ✓ Compiled in 264ms (719 modules)
 ✓ Compiled in 247ms (719 modules)
 ✓ Compiled in 221ms (719 modules)
 ✓ Compiled in 197ms (719 modules)
 ✓ Compiled in 208ms (719 modules)
 ✓ Compiled in 189ms (719 modules)
 ✓ Compiled in 186ms (719 modules)
 ✓ Compiled in 250ms (719 modules)
 ✓ Compiled in 220ms (719 modules)
 ✓ Compiled in 188ms (719 modules)
 ✓ Compiled in 264ms (719 modules)
 ✓ Compiled in 201ms (719 modules)
 ✓ Compiled in 214ms (719 modules)
 ✓ Compiled in 192ms (719 modules)
 ✓ Compiled in 261ms (719 modules)
 ✓ Compiled in 276ms (719 modules)
 ✓ Compiled in 198ms (719 modules)
 ✓ Compiled in 199ms (719 modules)
 ✓ Compiled in 255ms (719 modules)
 ✓ Compiled in 239ms (719 modules)
 ✓ Compiled in 254ms (719 modules)
 ✓ Compiled in 230ms (719 modules)
 ✓ Compiled in 223ms (719 modules)
 ✓ Compiled in 234ms (719 modules)
 ✓ Compiled in 190ms (719 modules)
 ✓ Compiled in 247ms (719 modules)
 ✓ Compiled in 237ms (719 modules)
 ✓ Compiled in 247ms (719 modules)
 ✓ Compiled in 251ms (719 modules)
 ✓ Compiled in 186ms (719 modules)
 ✓ Compiled in 187ms (719 modules)
 ✓ Compiled in 222ms (719 modules)
 ✓ Compiled in 221ms (719 modules)
 ✓ Compiled in 228ms (719 modules)
 ✓ Compiled in 244ms (719 modules)
 ✓ Compiled in 227ms (719 modules)
 ✓ Compiled in 212ms (719 modules)
 ✓ Compiled in 265ms (719 modules)
 ✓ Compiled in 210ms (719 modules)
 ✓ Compiled in 223ms (719 modules)
 ✓ Compiled in 182ms (719 modules)
 ✓ Compiled in 261ms (719 modules)
 ✓ Compiled in 293ms (719 modules)
 ✓ Compiled in 205ms (719 modules)
 ✓ Compiled in 231ms (719 modules)
 ✓ Compiled in 234ms (719 modules)
 ✓ Compiled in 204ms (719 modules)
 ✓ Compiled in 237ms (719 modules)
 ✓ Compiled in 251ms (719 modules)
 ✓ Compiled in 226ms (719 modules)
 ✓ Compiled in 196ms (719 modules)
 ✓ Compiled in 194ms (719 modules)
 ✓ Compiled in 260ms (719 modules)
 ✓ Compiled in 259ms (719 modules)
 ✓ Compiled in 254ms (719 modules)
 ✓ Compiled in 259ms (719 modules)
 ✓ Compiled in 257ms (719 modules)
 ✓ Compiled in 259ms (719 modules)
 ✓ Compiled in 248ms (719 modules)
 ✓ Compiled in 224ms (719 modules)
 ✓ Compiled in 195ms (719 modules)
 ✓ Compiled in 239ms (719 modules)
 ✓ Compiled in 247ms (719 modules)
 ✓ Compiled in 224ms (719 modules)
 ✓ Compiled in 194ms (719 modules)
 ✓ Compiled in 258ms (719 modules)
 ✓ Compiled in 236ms (719 modules)
 ✓ Compiled in 193ms (719 modules)
 ✓ Compiled in 190ms (719 modules)
 ✓ Compiled in 236ms (719 modules)
 ✓ Compiled in 208ms (719 modules)
 ✓ Compiled in 206ms (719 modules)
 ✓ Compiled in 230ms (719 modules)
 ✓ Compiled in 220ms (719 modules)
 ✓ Compiled in 197ms (719 modules)
 ✓ Compiled in 202ms (719 modules)
 ✓ Compiled in 214ms (719 modules)
 ✓ Compiled in 223ms (719 modules)
 ✓ Compiled in 198ms (719 modules)
 ✓ Compiled in 226ms (719 modules)
 ✓ Compiled in 232ms (719 modules)
 ✓ Compiled in 191ms (719 modules)
 ✓ Compiled in 227ms (719 modules)
 ✓ Compiled in 202ms (719 modules)
 ✓ Compiled in 247ms (719 modules)
 ✓ Compiled in 252ms (719 modules)
 ✓ Compiled in 229ms (719 modules)
 ✓ Compiled in 196ms (719 modules)
 ✓ Compiled in 196ms (719 modules)
 ✓ Compiled in 230ms (719 modules)
 ✓ Compiled in 205ms (719 modules)
 ✓ Compiled in 270ms (719 modules)
 ✓ Compiled in 243ms (719 modules)
 ✓ Compiled in 230ms (719 modules)
 ✓ Compiled in 225ms (719 modules)
 ✓ Compiled in 241ms (719 modules)
 ✓ Compiled in 279ms (719 modules)
 ✓ Compiled in 208ms (719 modules)
 ✓ Compiled in 202ms (719 modules)
 ✓ Compiled in 242ms (719 modules)
 ✓ Compiled in 207ms (719 modules)
 ✓ Compiled in 212ms (719 modules)
 ✓ Compiled in 240ms (719 modules)
 ✓ Compiled in 243ms (719 modules)
 ✓ Compiled in 213ms (719 modules)
 ✓ Compiled in 220ms (719 modules)
 ✓ Compiled in 233ms (719 modules)
 ✓ Compiled in 251ms (719 modules)
 ✓ Compiled in 228ms (719 modules)
 ✓ Compiled in 256ms (719 modules)
 ✓ Compiled in 195ms (719 modules)
 ✓ Compiled in 211ms (719 modules)
 ✓ Compiled in 257ms (719 modules)
 ✓ Compiled in 237ms (719 modules)
 ✓ Compiled in 260ms (719 modules)
 ✓ Compiled in 246ms (719 modules)
 ✓ Compiled in 244ms (719 modules)
 ✓ Compiled in 228ms (719 modules)
 ✓ Compiled in 233ms (719 modules)
 ✓ Compiled in 248ms (719 modules)
 ✓ Compiled in 229ms (719 modules)
 ✓ Compiled in 259ms (719 modules)
 ✓ Compiled in 229ms (719 modules)
 ✓ Compiled in 294ms (719 modules)
 ✓ Compiled in 249ms (719 modules)
 ✓ Compiled in 252ms (719 modules)
 ✓ Compiled in 257ms (719 modules)
 ✓ Compiled in 224ms (719 modules)
 ✓ Compiled in 202ms (719 modules)
 ✓ Compiled in 204ms (719 modules)
 ✓ Compiled in 244ms (719 modules)
 ✓ Compiled in 227ms (719 modules)
 ✓ Compiled in 205ms (719 modules)
 ✓ Compiled in 236ms (719 modules)
 ✓ Compiled in 199ms (719 modules)
 ✓ Compiled in 207ms (719 modules)
 ✓ Compiled in 242ms (719 modules)
 ✓ Compiled in 200ms (719 modules)
 ✓ Compiled in 212ms (719 modules)
 ✓ Compiled in 239ms (719 modules)
 ✓ Compiled in 227ms (719 modules)
 ✓ Compiled in 211ms (719 modules)
 ✓ Compiled in 213ms (719 modules)
 ✓ Compiled in 244ms (719 modules)
 ✓ Compiled in 206ms (719 modules)
 ✓ Compiled in 246ms (719 modules)
 ✓ Compiled in 238ms (719 modules)
 ✓ Compiled in 198ms (719 modules)
 ✓ Compiled in 205ms (719 modules)
 ✓ Compiled in 228ms (719 modules)
 ✓ Compiled in 242ms (719 modules)
 ✓ Compiled in 210ms (719 modules)
 ✓ Compiled in 246ms (719 modules)
 ✓ Compiled in 233ms (719 modules)
 ✓ Compiled in 203ms (719 modules)
 ✓ Compiled in 197ms (719 modules)
 ✓ Compiled in 231ms (719 modules)
 ✓ Compiled in 180ms (719 modules)
 ✓ Compiled in 207ms (719 modules)
 ✓ Compiled in 245ms (719 modules)
 ✓ Compiled in 185ms (719 modules)
 ✓ Compiled in 207ms (719 modules)
 ✓ Compiled in 247ms (719 modules)
 ✓ Compiled in 202ms (719 modules)
 ✓ Compiled in 197ms (719 modules)
 ✓ Compiled in 215ms (719 modules)
 ✓ Compiled in 273ms (719 modules)
 ✓ Compiled in 211ms (719 modules)
 ✓ Compiled in 188ms (719 modules)
 ✓ Compiled in 242ms (719 modules)
 ✓ Compiled in 216ms (719 modules)
 ✓ Compiled in 199ms (719 modules)
 ✓ Compiled in 228ms (719 modules)
 ✓ Compiled in 206ms (719 modules)
 ✓ Compiled in 194ms (719 modules)
 ✓ Compiled in 180ms (719 modules)
 ✓ Compiled in 236ms (719 modules)
 ✓ Compiled in 269ms (719 modules)
 ✓ Compiled in 228ms (719 modules)
 ✓ Compiled in 254ms (719 modules)
 ✓ Compiled in 228ms (719 modules)
 ✓ Compiled in 231ms (719 modules)
 ✓ Compiled in 212ms (719 modules)
 ✓ Compiled in 224ms (719 modules)
 ✓ Compiled in 198ms (719 modules)
 ✓ Compiled in 195ms (719 modules)
 ✓ Compiled in 232ms (719 modules)
 ✓ Compiled in 257ms (719 modules)
 ✓ Compiled in 194ms (719 modules)
 ✓ Compiled in 225ms (719 modules)
 ✓ Compiled in 220ms (719 modules)
 ✓ Compiled in 201ms (719 modules)
 ✓ Compiled in 201ms (719 modules)
 ✓ Compiled in 233ms (719 modules)
 ✓ Compiled in 191ms (719 modules)
 ✓ Compiled in 199ms (719 modules)
 ✓ Compiled in 248ms (719 modules)
 ✓ Compiled in 211ms (719 modules)
 ✓ Compiled in 214ms (719 modules)
 ✓ Compiled in 256ms (719 modules)
 ✓ Compiled in 255ms (719 modules)
 ✓ Compiled in 266ms (719 modules)
 ✓ Compiled in 261ms (719 modules)
 ✓ Compiled in 248ms (719 modules)
 ✓ Compiled in 269ms (719 modules)
 ✓ Compiled in 205ms (719 modules)
 ✓ Compiled in 209ms (719 modules)
 ✓ Compiled in 224ms (719 modules)
 ✓ Compiled in 217ms (719 modules)
 ✓ Compiled in 199ms (719 modules)
 ✓ Compiled in 251ms (719 modules)
 ✓ Compiled in 230ms (719 modules)
 ✓ Compiled in 208ms (719 modules)
 ✓ Compiled in 255ms (719 modules)
 ✓ Compiled in 241ms (719 modules)
 ✓ Compiled in 239ms (719 modules)
 ✓ Compiled in 224ms (719 modules)
 ✓ Compiled in 222ms (719 modules)
 ✓ Compiled in 223ms (719 modules)
 ✓ Compiled in 187ms (719 modules)
 ✓ Compiled in 221ms (719 modules)
 ✓ Compiled in 183ms (719 modules)
 ✓ Compiled in 194ms (719 modules)
 ✓ Compiled in 233ms (719 modules)
 ✓ Compiled in 186ms (719 modules)
 ✓ Compiled in 231ms (719 modules)
 ✓ Compiled in 221ms (719 modules)
 ✓ Compiled in 220ms (719 modules)
 ✓ Compiled in 196ms (719 modules)
 ✓ Compiled in 201ms (719 modules)
 ✓ Compiled in 258ms (719 modules)
 ✓ Compiled in 245ms (719 modules)
 ✓ Compiled in 258ms (719 modules)
 ✓ Compiled in 244ms (719 modules)
 ✓ Compiled in 261ms (719 modules)
 ✓ Compiled in 202ms (719 modules)
 ✓ Compiled in 223ms (719 modules)
 ✓ Compiled in 256ms (719 modules)
 ✓ Compiled in 199ms (719 modules)
 ✓ Compiled in 212ms (719 modules)
 ✓ Compiled in 252ms (719 modules)
 ✓ Compiled in 205ms (719 modules)
 ✓ Compiled in 188ms (719 modules)
 ✓ Compiled in 239ms (719 modules)
 ✓ Compiled in 201ms (719 modules)
 ✓ Compiled in 197ms (719 modules)
 ✓ Compiled in 211ms (719 modules)
 ✓ Compiled in 237ms (719 modules)
 ✓ Compiled in 180ms (719 modules)
 ✓ Compiled in 186ms (719 modules)
 ✓ Compiled in 235ms (719 modules)
 ✓ Compiled in 206ms (719 modules)
 ✓ Compiled in 201ms (719 modules)
 ✓ Compiled in 236ms (719 modules)
 ✓ Compiled in 244ms (719 modules)
 ✓ Compiled in 226ms (719 modules)
 ✓ Compiled in 259ms (719 modules)
 ✓ Compiled in 229ms (719 modules)
 ✓ Compiled in 239ms (719 modules)
 ✓ Compiled in 238ms (719 modules)
 ✓ Compiled in 220ms (719 modules)
 ✓ Compiled in 222ms (719 modules)
 ✓ Compiled in 184ms (719 modules)
 ✓ Compiled in 261ms (719 modules)
 ✓ Compiled in 195ms (719 modules)
 ✓ Compiled in 218ms (719 modules)
 ✓ Compiled in 254ms (719 modules)
 ✓ Compiled in 240ms (719 modules)
 ✓ Compiled in 207ms (719 modules)
 ✓ Compiled in 196ms (719 modules)
 ✓ Compiled in 272ms (719 modules)
 ✓ Compiled in 177ms (719 modules)
 ✓ Compiled in 189ms (719 modules)
 ✓ Compiled in 235ms (719 modules)
 ✓ Compiled in 194ms (719 modules)
 ✓ Compiled in 192ms (719 modules)
 ✓ Compiled in 196ms (719 modules)
 ✓ Compiled in 257ms (719 modules)
 ✓ Compiled in 238ms (719 modules)
 ✓ Compiled in 213ms (719 modules)
 ✓ Compiled in 222ms (719 modules)
 ✓ Compiled in 234ms (719 modules)
 ✓ Compiled in 195ms (719 modules)
 ✓ Compiled in 233ms (719 modules)
 ✓ Compiled in 182ms (719 modules)
 ✓ Compiled in 213ms (719 modules)
 ✓ Compiled in 243ms (719 modules)
 ✓ Compiled in 225ms (719 modules)
 ✓ Compiled in 236ms (719 modules)
 ✓ Compiled in 185ms (719 modules)
 ✓ Compiled in 246ms (719 modules)
 ✓ Compiled in 266ms (719 modules)
 ✓ Compiled in 192ms (719 modules)
 ✓ Compiled in 266ms (719 modules)
 ✓ Compiled in 246ms (719 modules)
 ✓ Compiled in 221ms (719 modules)
 ✓ Compiled in 183ms (719 modules)
 ✓ Compiled in 221ms (719 modules)
 ✓ Compiled in 185ms (719 modules)
 ✓ Compiled in 182ms (719 modules)
 ✓ Compiled in 250ms (719 modules)
 ✓ Compiled in 212ms (719 modules)
 ✓ Compiled in 235ms (719 modules)
 ✓ Compiled in 254ms (719 modules)
 ✓ Compiled in 212ms (719 modules)
 ✓ Compiled in 226ms (719 modules)
 ✓ Compiled in 216ms (719 modules)
 ✓ Compiled in 235ms (719 modules)
 ✓ Compiled in 187ms (719 modules)
 ✓ Compiled in 208ms (719 modules)
 ✓ Compiled in 221ms (719 modules)
 ✓ Compiled in 204ms (719 modules)
 ✓ Compiled in 257ms (719 modules)
 ✓ Compiled in 239ms (719 modules)
 ✓ Compiled in 236ms (719 modules)
 ✓ Compiled in 237ms (719 modules)
 ✓ Compiled in 244ms (719 modules)
 ✓ Compiled in 252ms (719 modules)
 ✓ Compiled in 214ms (719 modules)
 ✓ Compiled in 220ms (719 modules)
 ✓ Compiled in 234ms (719 modules)
 ✓ Compiled in 193ms (719 modules)
 ✓ Compiled in 200ms (719 modules)
 ✓ Compiled in 235ms (719 modules)
 ✓ Compiled in 190ms (719 modules)
 ✓ Compiled in 192ms (719 modules)
 ✓ Compiled in 242ms (719 modules)
 ✓ Compiled in 205ms (719 modules)
 ✓ Compiled in 185ms (719 modules)
 ✓ Compiled in 215ms (719 modules)
 ✓ Compiled in 220ms (719 modules)
 ✓ Compiled in 193ms (719 modules)
 ✓ Compiled in 285ms (719 modules)
 ✓ Compiled in 245ms (719 modules)
 ✓ Compiled in 227ms (719 modules)
 ✓ Compiled in 243ms (719 modules)
 ✓ Compiled in 256ms (719 modules)
 ✓ Compiled in 275ms (719 modules)
 ✓ Compiled in 246ms (719 modules)
 ✓ Compiled in 290ms (719 modules)
 ✓ Compiled in 277ms (719 modules)
 ✓ Compiled in 239ms (719 modules)
 ✓ Compiled in 248ms (719 modules)
 ✓ Compiled in 238ms (719 modules)
 ✓ Compiled in 229ms (719 modules)
 ✓ Compiled in 249ms (719 modules)
 ✓ Compiled in 214ms (719 modules)
 ✓ Compiled in 241ms (719 modules)
 ✓ Compiled in 242ms (719 modules)
 ✓ Compiled in 196ms (719 modules)
 ✓ Compiled in 226ms (719 modules)
 ✓ Compiled in 237ms (719 modules)
 ✓ Compiled in 232ms (719 modules)
 ✓ Compiled in 207ms (719 modules)
 ✓ Compiled in 241ms (719 modules)
 ✓ Compiled in 244ms (719 modules)
 ✓ Compiled in 196ms (719 modules)
 ✓ Compiled in 221ms (719 modules)
 ✓ Compiled in 191ms (719 modules)
 ✓ Compiled in 182ms (719 modules)
 ✓ Compiled in 246ms (719 modules)
 ✓ Compiled in 215ms (719 modules)
 ✓ Compiled in 217ms (719 modules)
 ✓ Compiled in 189ms (719 modules)
 ✓ Compiled in 227ms (719 modules)
 ✓ Compiled in 191ms (719 modules)
 ✓ Compiled in 252ms (719 modules)
 ✓ Compiled in 258ms (719 modules)
 ✓ Compiled in 262ms (719 modules)
 ✓ Compiled in 223ms (719 modules)
 ✓ Compiled in 210ms (719 modules)
 ✓ Compiled in 222ms (719 modules)
 ✓ Compiled in 182ms (719 modules)
 ✓ Compiled in 198ms (719 modules)
 ✓ Compiled in 245ms (719 modules)
 ✓ Compiled in 209ms (719 modules)
 ✓ Compiled in 207ms (719 modules)
 ✓ Compiled in 232ms (719 modules)
 ✓ Compiled in 200ms (719 modules)
 ✓ Compiled in 201ms (719 modules)
 ✓ Compiled in 243ms (719 modules)
 ✓ Compiled in 243ms (719 modules)
 ✓ Compiled in 197ms (719 modules)
 ✓ Compiled in 198ms (719 modules)
 ✓ Compiled in 228ms (719 modules)
 ✓ Compiled in 189ms (719 modules)
 ✓ Compiled in 246ms (719 modules)
 ✓ Compiled in 248ms (719 modules)
 ✓ Compiled in 189ms (719 modules)
 ✓ Compiled in 196ms (719 modules)
 ✓ Compiled in 228ms (719 modules)
 ✓ Compiled in 207ms (719 modules)
 ✓ Compiled in 194ms (719 modules)
 ✓ Compiled in 280ms (719 modules)
 ✓ Compiled in 255ms (719 modules)
 ✓ Compiled in 252ms (719 modules)
 ✓ Compiled in 205ms (719 modules)
 ✓ Compiled in 251ms (719 modules)
 ✓ Compiled in 252ms (719 modules)
 ✓ Compiled in 211ms (719 modules)
 ✓ Compiled in 188ms (719 modules)
 ✓ Compiled in 214ms (719 modules)
 ✓ Compiled in 189ms (719 modules)
 ✓ Compiled in 199ms (719 modules)
 ✓ Compiled in 261ms (719 modules)
 ✓ Compiled in 246ms (719 modules)
 ✓ Compiled in 231ms (719 modules)
 ✓ Compiled in 201ms (719 modules)
 ✓ Compiled in 232ms (719 modules)
 ✓ Compiled in 228ms (719 modules)
 ✓ Compiled in 211ms (719 modules)
 ✓ Compiled in 236ms (719 modules)
 ✓ Compiled in 184ms (719 modules)
 ✓ Compiled in 188ms (719 modules)
 ✓ Compiled in 235ms (719 modules)
 ✓ Compiled in 233ms (719 modules)
 ✓ Compiled in 221ms (719 modules)
 ✓ Compiled in 241ms (719 modules)
 ✓ Compiled in 251ms (719 modules)
 ✓ Compiled in 225ms (719 modules)
 ✓ Compiled in 280ms (719 modules)
 ✓ Compiled in 249ms (719 modules)
 ✓ Compiled in 246ms (719 modules)
 ✓ Compiled in 249ms (719 modules)
 ✓ Compiled in 266ms (719 modules)
 ✓ Compiled in 251ms (719 modules)
 ✓ Compiled in 239ms (719 modules)
 ✓ Compiled in 246ms (719 modules)
 ✓ Compiled in 252ms (719 modules)
 ✓ Compiled in 238ms (719 modules)
 ✓ Compiled in 265ms (719 modules)
 ✓ Compiled in 265ms (719 modules)
 ✓ Compiled in 255ms (719 modules)
 ✓ Compiled in 224ms (719 modules)
 ✓ Compiled in 188ms (719 modules)
 ✓ Compiled in 221ms (719 modules)
 ✓ Compiled in 190ms (719 modules)
 ✓ Compiled in 195ms (719 modules)
 ✓ Compiled in 242ms (719 modules)
 ✓ Compiled in 271ms (719 modules)
 ✓ Compiled in 238ms (719 modules)
 ✓ Compiled in 214ms (719 modules)
 ✓ Compiled in 244ms (719 modules)
 ✓ Compiled in 238ms (719 modules)
 ✓ Compiled in 202ms (719 modules)
 ✓ Compiled in 229ms (719 modules)
 ✓ Compiled in 205ms (719 modules)
 ✓ Compiled in 236ms (719 modules)
 ✓ Compiled in 265ms (719 modules)
 ✓ Compiled in 248ms (719 modules)
 ✓ Compiled in 266ms (719 modules)
 ✓ Compiled in 252ms (719 modules)
 ✓ Compiled in 234ms (719 modules)
 ✓ Compiled in 194ms (719 modules)
 ✓ Compiled in 271ms (719 modules)
 ✓ Compiled in 250ms (719 modules)
 ✓ Compiled in 257ms (719 modules)
 ✓ Compiled in 231ms (719 modules)
 ✓ Compiled in 218ms (719 modules)
 ✓ Compiled in 259ms (719 modules)
 ✓ Compiled in 230ms (719 modules)
 ✓ Compiled in 181ms (719 modules)
 ✓ Compiled in 179ms (719 modules)
 ✓ Compiled in 239ms (719 modules)
 ✓ Compiled in 198ms (719 modules)
 ✓ Compiled in 238ms (719 modules)
 ✓ Compiled in 252ms (719 modules)
 ✓ Compiled in 196ms (719 modules)
 ✓ Compiled in 243ms (719 modules)
 ✓ Compiled in 234ms (719 modules)
 ✓ Compiled in 221ms (719 modules)
 ✓ Compiled in 224ms (719 modules)
 ✓ Compiled in 215ms (719 modules)
 ✓ Compiled in 255ms (719 modules)
 ✓ Compiled in 235ms (719 modules)
 ✓ Compiled in 210ms (719 modules)
 ✓ Compiled in 248ms (719 modules)
 ✓ Compiled in 231ms (719 modules)
 ✓ Compiled in 219ms (719 modules)
 ✓ Compiled in 225ms (719 modules)
 ✓ Compiled in 202ms (719 modules)
 ✓ Compiled in 194ms (719 modules)
 ✓ Compiled in 249ms (719 modules)
 ✓ Compiled in 221ms (719 modules)
 ✓ Compiled in 205ms (719 modules)
 ✓ Compiled in 217ms (719 modules)
 ✓ Compiled in 233ms (719 modules)
 ✓ Compiled in 222ms (719 modules)
 ✓ Compiled in 167ms (719 modules)
 ✓ Compiled in 224ms (719 modules)
 ✓ Compiled in 202ms (719 modules)
 ✓ Compiled in 195ms (719 modules)
 ✓ Compiled in 233ms (719 modules)
 ✓ Compiled in 199ms (719 modules)
 ✓ Compiled in 179ms (719 modules)
 ✓ Compiled in 193ms (719 modules)
 ✓ Compiled in 233ms (719 modules)
 ✓ Compiled in 184ms (719 modules)
 ✓ Compiled in 197ms (719 modules)
 ✓ Compiled in 228ms (719 modules)
 ✓ Compiled in 202ms (719 modules)
 ✓ Compiled in 237ms (719 modules)
 ✓ Compiled in 246ms (719 modules)
 ✓ Compiled in 210ms (719 modules)
 ✓ Compiled in 202ms (719 modules)
 ✓ Compiled in 220ms (719 modules)
 ✓ Compiled in 223ms (719 modules)
 ✓ Compiled in 189ms (719 modules)
 ✓ Compiled in 184ms (719 modules)
 ✓ Compiled in 238ms (719 modules)
 ✓ Compiled in 186ms (719 modules)
 ✓ Compiled in 194ms (719 modules)
 ✓ Compiled in 243ms (719 modules)
 ✓ Compiled in 199ms (719 modules)
 ✓ Compiled in 188ms (719 modules)
 ✓ Compiled in 191ms (719 modules)
 ✓ Compiled in 232ms (719 modules)
 ✓ Compiled in 215ms (719 modules)
 ✓ Compiled in 185ms (719 modules)
 ✓ Compiled in 211ms (719 modules)
 ✓ Compiled in 178ms (719 modules)
 ✓ Compiled in 221ms (719 modules)
 ✓ Compiled in 227ms (719 modules)
 ✓ Compiled in 192ms (719 modules)
 ✓ Compiled in 186ms (719 modules)
 ✓ Compiled in 187ms (719 modules)
 ✓ Compiled in 233ms (719 modules)
 ✓ Compiled in 237ms (719 modules)
 ✓ Compiled in 273ms (719 modules)
 ✓ Compiled in 252ms (719 modules)
 ✓ Compiled in 235ms (719 modules)
 ✓ Compiled in 208ms (719 modules)
 ✓ Compiled in 233ms (719 modules)
 ✓ Compiled in 216ms (719 modules)
 ✓ Compiled in 201ms (719 modules)
 ✓ Compiled in 183ms (719 modules)
 ✓ Compiled in 245ms (719 modules)
 ✓ Compiled in 206ms (719 modules)
 ✓ Compiled in 218ms (719 modules)
 ✓ Compiled in 227ms (719 modules)
 ✓ Compiled in 196ms (719 modules)
 ✓ Compiled in 209ms (719 modules)
 ✓ Compiled in 243ms (719 modules)
 ✓ Compiled in 224ms (719 modules)
 ✓ Compiled in 213ms (719 modules)
 ✓ Compiled in 218ms (719 modules)
 ✓ Compiled in 245ms (719 modules)
 ✓ Compiled in 185ms (719 modules)
 ✓ Compiled in 198ms (719 modules)
 ✓ Compiled in 229ms (719 modules)
 ✓ Compiled in 194ms (719 modules)
 ✓ Compiled in 186ms (719 modules)
 ✓ Compiled in 216ms (719 modules)
 ✓ Compiled in 199ms (719 modules)
 ✓ Compiled in 244ms (719 modules)
 ✓ Compiled in 276ms (719 modules)
 ✓ Compiled in 246ms (719 modules)
 ✓ Compiled in 242ms (719 modules)
 ✓ Compiled in 255ms (719 modules)
 ✓ Compiled in 234ms (719 modules)
 ✓ Compiled in 216ms (719 modules)
 ✓ Compiled in 196ms (719 modules)
 ✓ Compiled in 237ms (719 modules)
 ✓ Compiled in 197ms (719 modules)
 ✓ Compiled in 229ms (719 modules)
 ✓ Compiled in 228ms (719 modules)
 ✓ Compiled in 250ms (719 modules)
 ✓ Compiled in 198ms (719 modules)
 ✓ Compiled in 247ms (719 modules)
 ✓ Compiled in 257ms (719 modules)
 ✓ Compiled in 212ms (719 modules)
 ✓ Compiled in 233ms (719 modules)
 ✓ Compiled in 241ms (719 modules)
 ✓ Compiled in 250ms (719 modules)
 ✓ Compiled in 238ms (719 modules)
 ✓ Compiled in 232ms (719 modules)
 ✓ Compiled in 196ms (719 modules)
 ✓ Compiled in 195ms (719 modules)
 ✓ Compiled in 249ms (719 modules)
 ✓ Compiled in 239ms (719 modules)
 ✓ Compiled in 237ms (719 modules)
 ✓ Compiled in 215ms (719 modules)
 ✓ Compiled in 270ms (719 modules)
 ✓ Compiled in 209ms (719 modules)
 ✓ Compiled in 239ms (719 modules)
 ✓ Compiled in 225ms (719 modules)
 ✓ Compiled in 230ms (719 modules)
 ✓ Compiled in 210ms (719 modules)
 ✓ Compiled in 246ms (719 modules)
 ✓ Compiled in 230ms (719 modules)
 ✓ Compiled in 199ms (719 modules)
 ✓ Compiled in 230ms (719 modules)
 ✓ Compiled in 248ms (719 modules)
 ✓ Compiled in 232ms (719 modules)
 ✓ Compiled in 228ms (719 modules)
 ✓ Compiled in 262ms (719 modules)
 ✓ Compiled in 184ms (719 modules)
 ✓ Compiled in 194ms (719 modules)
 ✓ Compiled in 227ms (719 modules)
 ✓ Compiled in 222ms (719 modules)
 ✓ Compiled in 173ms (719 modules)
 ✓ Compiled in 182ms (719 modules)
 ✓ Compiled in 244ms (719 modules)
 ✓ Compiled in 182ms (719 modules)
 ✓ Compiled in 180ms (719 modules)
 ✓ Compiled in 224ms (719 modules)
 ✓ Compiled in 179ms (719 modules)
 ✓ Compiled in 183ms (719 modules)
 ✓ Compiled in 198ms (719 modules)
 ✓ Compiled in 270ms (719 modules)
 ✓ Compiled in 203ms (719 modules)
 ✓ Compiled in 246ms (719 modules)
 ✓ Compiled in 233ms (719 modules)
 ✓ Compiled in 219ms (719 modules)
 ✓ Compiled in 181ms (719 modules)
 ✓ Compiled in 208ms (719 modules)
 ✓ Compiled in 220ms (719 modules)
 ✓ Compiled in 203ms (719 modules)
 ✓ Compiled in 189ms (719 modules)
 ✓ Compiled in 223ms (719 modules)
 ✓ Compiled in 219ms (719 modules)
 ✓ Compiled in 183ms (719 modules)
 ✓ Compiled in 227ms (719 modules)
 ✓ Compiled in 191ms (719 modules)
 ✓ Compiled in 198ms (719 modules)
 ✓ Compiled in 191ms (719 modules)
 ✓ Compiled in 232ms (719 modules)
 ✓ Compiled in 206ms (719 modules)
 ✓ Compiled in 183ms (719 modules)
 ✓ Compiled in 204ms (719 modules)
 ✓ Compiled in 206ms (719 modules)
 ✓ Compiled in 206ms (719 modules)
 ✓ Compiled in 245ms (719 modules)
 ✓ Compiled in 202ms (719 modules)
 ✓ Compiled in 225ms (719 modules)
 ✓ Compiled in 235ms (719 modules)
 ✓ Compiled in 267ms (719 modules)
 ✓ Compiled in 245ms (719 modules)
 ✓ Compiled in 235ms (719 modules)
 ✓ Compiled in 244ms (719 modules)
 ✓ Compiled in 259ms (719 modules)
 ✓ Compiled in 219ms (719 modules)
 ✓ Compiled in 229ms (719 modules)
 ✓ Compiled in 230ms (719 modules)
 ✓ Compiled in 218ms (719 modules)
 ✓ Compiled in 192ms (719 modules)
 ✓ Compiled in 232ms (719 modules)
 ✓ Compiled in 224ms (719 modules)
 ✓ Compiled in 254ms (719 modules)
 ✓ Compiled in 241ms (719 modules)
 ✓ Compiled in 242ms (719 modules)
 ✓ Compiled in 215ms (719 modules)
 ✓ Compiled in 238ms (719 modules)
 ✓ Compiled in 204ms (719 modules)
 ✓ Compiled in 229ms (719 modules)
 ✓ Compiled in 268ms (719 modules)
 ✓ Compiled in 235ms (719 modules)
 ✓ Compiled in 239ms (719 modules)
 ✓ Compiled in 239ms (719 modules)
 ✓ Compiled in 275ms (719 modules)
 ✓ Compiled in 232ms (719 modules)
 ✓ Compiled in 230ms (719 modules)
 ✓ Compiled in 223ms (719 modules)
 ✓ Compiled in 264ms (719 modules)
 ✓ Compiled in 240ms (719 modules)
 ✓ Compiled in 210ms (719 modules)
 ✓ Compiled in 229ms (719 modules)
 ✓ Compiled in 178ms (719 modules)
 ✓ Compiled in 216ms (719 modules)
 ✓ Compiled in 257ms (719 modules)
 ✓ Compiled in 264ms (719 modules)
 ✓ Compiled in 204ms (719 modules)
 ✓ Compiled in 232ms (719 modules)
 ✓ Compiled in 255ms (719 modules)
 ✓ Compiled in 238ms (719 modules)
 ✓ Compiled in 253ms (719 modules)
 ✓ Compiled in 243ms (719 modules)
 ✓ Compiled in 223ms (719 modules)
 ✓ Compiled in 207ms (719 modules)
 ✓ Compiled in 218ms (719 modules)
 ✓ Compiled in 232ms (719 modules)
 ✓ Compiled in 249ms (719 modules)
 ✓ Compiled in 188ms (719 modules)
 ✓ Compiled in 246ms (719 modules)
 ✓ Compiled in 211ms (719 modules)
 ✓ Compiled in 181ms (719 modules)
 ✓ Compiled in 193ms (719 modules)
 ✓ Compiled in 240ms (719 modules)
 ✓ Compiled in 213ms (719 modules)
 ✓ Compiled in 205ms (719 modules)
 ✓ Compiled in 277ms (719 modules)
 ✓ Compiled in 240ms (719 modules)
 ✓ Compiled in 251ms (719 modules)
 ✓ Compiled in 220ms (719 modules)
 ✓ Compiled in 242ms (719 modules)
 ✓ Compiled in 207ms (719 modules)
 ✓ Compiled in 183ms (719 modules)
 ✓ Compiled in 218ms (719 modules)
 ✓ Compiled in 199ms (719 modules)
 ✓ Compiled in 209ms (719 modules)
 ✓ Compiled in 241ms (719 modules)
 ✓ Compiled in 247ms (719 modules)
 ✓ Compiled in 251ms (719 modules)
 ✓ Compiled in 259ms (719 modules)
 ✓ Compiled in 216ms (719 modules)
 ✓ Compiled in 221ms (719 modules)
 ✓ Compiled in 195ms (719 modules)
 ✓ Compiled in 235ms (719 modules)
 ✓ Compiled in 185ms (719 modules)
 ✓ Compiled in 209ms (719 modules)
 ✓ Compiled in 268ms (719 modules)
 ✓ Compiled in 249ms (719 modules)
 ✓ Compiled in 209ms (719 modules)
 ✓ Compiled in 220ms (719 modules)
 ✓ Compiled in 218ms (719 modules)
 ✓ Compiled in 185ms (719 modules)
 ✓ Compiled in 214ms (719 modules)
 ✓ Compiled in 268ms (719 modules)
 ✓ Compiled in 250ms (719 modules)
 ✓ Compiled in 254ms (719 modules)
 ✓ Compiled in 206ms (719 modules)
 ✓ Compiled in 247ms (719 modules)
 ✓ Compiled in 204ms (719 modules)
 ✓ Compiled in 193ms (719 modules)
 ✓ Compiled in 240ms (719 modules)
 ✓ Compiled in 193ms (719 modules)
 ✓ Compiled in 186ms (719 modules)
 ✓ Compiled in 249ms (719 modules)
 ✓ Compiled in 241ms (719 modules)
 ✓ Compiled in 188ms (719 modules)
 ✓ Compiled in 195ms (719 modules)
 ✓ Compiled in 253ms (719 modules)
 ✓ Compiled in 185ms (719 modules)
 ✓ Compiled in 206ms (719 modules)
 ✓ Compiled in 214ms (719 modules)
 ✓ Compiled in 218ms (719 modules)
 ✓ Compiled in 190ms (719 modules)
 ✓ Compiled in 252ms (719 modules)
 ✓ Compiled in 225ms (719 modules)
 ✓ Compiled in 194ms (719 modules)
 ✓ Compiled in 202ms (719 modules)
 ✓ Compiled in 241ms (719 modules)
 ✓ Compiled in 232ms (719 modules)
 ✓ Compiled in 198ms (719 modules)
 ✓ Compiled in 249ms (719 modules)
 ✓ Compiled in 227ms (719 modules)
 ✓ Compiled in 215ms (719 modules)
 ✓ Compiled in 225ms (719 modules)
 ✓ Compiled in 272ms (719 modules)
 ✓ Compiled in 191ms (719 modules)
 ✓ Compiled in 227ms (719 modules)
 ✓ Compiled in 223ms (719 modules)
 ✓ Compiled in 201ms (719 modules)
 ✓ Compiled in 215ms (719 modules)
 ✓ Compiled in 255ms (719 modules)
 ✓ Compiled in 206ms (719 modules)
 ✓ Compiled in 194ms (719 modules)
 ✓ Compiled in 221ms (719 modules)
 ✓ Compiled in 191ms (719 modules)
 ✓ Compiled in 217ms (719 modules)
 ✓ Compiled in 238ms (719 modules)
 ✓ Compiled in 202ms (719 modules)
 ✓ Compiled in 202ms (719 modules)
 ✓ Compiled in 255ms (719 modules)
 ✓ Compiled in 226ms (719 modules)
 ✓ Compiled in 194ms (719 modules)
 ✓ Compiled in 196ms (719 modules)
 ✓ Compiled in 244ms (719 modules)
 ✓ Compiled in 203ms (719 modules)
 ✓ Compiled in 200ms (719 modules)
 ✓ Compiled in 224ms (719 modules)
 ✓ Compiled in 253ms (719 modules)
 ✓ Compiled in 234ms (719 modules)
 ✓ Compiled in 248ms (719 modules)
 ✓ Compiled in 232ms (719 modules)
 ✓ Compiled in 187ms (719 modules)
 ✓ Compiled in 200ms (719 modules)
 ✓ Compiled in 248ms (719 modules)
 ✓ Compiled in 233ms (719 modules)
 ✓ Compiled in 220ms (719 modules)
 ✓ Compiled in 240ms (719 modules)
 ✓ Compiled in 271ms (719 modules)
 ✓ Compiled in 246ms (719 modules)
 ✓ Compiled in 251ms (719 modules)
 ✓ Compiled in 247ms (719 modules)
 ✓ Compiled in 218ms (719 modules)
 ✓ Compiled in 236ms (719 modules)
 ✓ Compiled in 232ms (719 modules)
 ✓ Compiled in 208ms (719 modules)
 ✓ Compiled in 261ms (719 modules)
 ✓ Compiled in 223ms (719 modules)
 ✓ Compiled in 247ms (719 modules)
 ✓ Compiled in 195ms (719 modules)
 ✓ Compiled in 244ms (719 modules)
 ✓ Compiled in 217ms (719 modules)
 ✓ Compiled in 203ms (719 modules)
 ✓ Compiled in 197ms (719 modules)
 ✓ Compiled in 248ms (719 modules)
 ✓ Compiled in 285ms (719 modules)
 ✓ Compiled in 237ms (719 modules)
 ✓ Compiled in 231ms (719 modules)
 ✓ Compiled in 191ms (719 modules)
 ✓ Compiled in 184ms (719 modules)
 ✓ Compiled in 235ms (719 modules)
 ✓ Compiled in 228ms (719 modules)
 ✓ Compiled in 241ms (719 modules)
 ✓ Compiled in 215ms (719 modules)
 ✓ Compiled in 257ms (719 modules)
 ✓ Compiled in 175ms (719 modules)
 ✓ Compiled in 199ms (719 modules)
 ✓ Compiled in 234ms (719 modules)
 ✓ Compiled in 227ms (719 modules)
 ✓ Compiled in 202ms (719 modules)
 ✓ Compiled in 206ms (719 modules)
 ✓ Compiled in 230ms (719 modules)
 ✓ Compiled in 174ms (719 modules)
 ✓ Compiled in 258ms (719 modules)
 ✓ Compiled in 243ms (719 modules)
 ✓ Compiled in 207ms (719 modules)
 ✓ Compiled in 187ms (719 modules)
 ✓ Compiled in 240ms (719 modules)
 ✓ Compiled in 224ms (719 modules)
 ✓ Compiled in 224ms (719 modules)
 ✓ Compiled in 252ms (719 modules)
 ✓ Compiled in 238ms (719 modules)
 ✓ Compiled in 299ms (719 modules)
 ✓ Compiled in 212ms (719 modules)
 ✓ Compiled in 259ms (719 modules)
 ✓ Compiled in 219ms (719 modules)
 ✓ Compiled in 185ms (719 modules)
 ✓ Compiled in 239ms (719 modules)
 ✓ Compiled in 210ms (719 modules)
 ✓ Compiled in 181ms (719 modules)
 ✓ Compiled in 182ms (719 modules)
 ✓ Compiled in 231ms (719 modules)
 ✓ Compiled in 193ms (719 modules)
 ✓ Compiled in 185ms (719 modules)
 ✓ Compiled in 237ms (719 modules)
 ✓ Compiled in 185ms (719 modules)
 ✓ Compiled in 222ms (719 modules)
 ✓ Compiled in 228ms (719 modules)
 ✓ Compiled in 210ms (719 modules)
 ✓ Compiled in 206ms (719 modules)
 ✓ Compiled in 228ms (719 modules)
 ✓ Compiled in 234ms (719 modules)
 ✓ Compiled in 264ms (719 modules)
 ✓ Compiled in 213ms (719 modules)
 ✓ Compiled in 251ms (719 modules)
 ✓ Compiled in 255ms (719 modules)
 ✓ Compiled in 259ms (719 modules)
 ✓ Compiled in 204ms (719 modules)
 ✓ Compiled in 239ms (719 modules)
 ✓ Compiled in 240ms (719 modules)
 ✓ Compiled in 206ms (719 modules)
 ✓ Compiled in 240ms (719 modules)
 ✓ Compiled in 205ms (719 modules)
 ✓ Compiled in 187ms (719 modules)
 ✓ Compiled in 224ms (719 modules)
 ✓ Compiled in 198ms (719 modules)
 ✓ Compiled in 200ms (719 modules)
 ✓ Compiled in 202ms (719 modules)
 ✓ Compiled in 231ms (719 modules)
 ✓ Compiled in 253ms (719 modules)
 ✓ Compiled in 193ms (719 modules)
 ✓ Compiled in 237ms (719 modules)
 ✓ Compiled in 181ms (719 modules)
 ✓ Compiled in 201ms (719 modules)
 ✓ Compiled in 230ms (719 modules)
 ✓ Compiled in 195ms (719 modules)
 ✓ Compiled in 194ms (719 modules)
 ✓ Compiled in 235ms (719 modules)
 ✓ Compiled in 235ms (719 modules)
 ✓ Compiled in 185ms (719 modules)
 ✓ Compiled in 208ms (719 modules)
 ✓ Compiled in 248ms (719 modules)
 ✓ Compiled in 200ms (719 modules)
 ✓ Compiled in 201ms (719 modules)
 ✓ Compiled in 222ms (719 modules)
 ✓ Compiled in 232ms (719 modules)
 ✓ Compiled in 283ms (719 modules)
 ✓ Compiled in 248ms (719 modules)
 ✓ Compiled in 257ms (719 modules)
 ✓ Compiled in 199ms (719 modules)
 ✓ Compiled in 194ms (719 modules)
 ✓ Compiled in 229ms (719 modules)
 ✓ Compiled in 205ms (719 modules)
 ✓ Compiled in 178ms (719 modules)
 ✓ Compiled in 205ms (719 modules)
 ✓ Compiled in 239ms (719 modules)
 ✓ Compiled in 243ms (719 modules)
 ✓ Compiled in 227ms (719 modules)
 ✓ Compiled in 261ms (719 modules)
 ✓ Compiled in 237ms (719 modules)
 ✓ Compiled in 230ms (719 modules)
 ✓ Compiled in 261ms (719 modules)
 ✓ Compiled in 247ms (719 modules)
 ✓ Compiled in 197ms (719 modules)
 ✓ Compiled in 197ms (719 modules)
 ✓ Compiled in 239ms (719 modules)
 ✓ Compiled in 187ms (719 modules)
 ✓ Compiled in 207ms (719 modules)
 ✓ Compiled in 240ms (719 modules)
 ✓ Compiled in 231ms (719 modules)
 ✓ Compiled in 210ms (719 modules)
 ✓ Compiled in 195ms (719 modules)
 ✓ Compiled in 222ms (719 modules)
 ✓ Compiled in 238ms (719 modules)
 ✓ Compiled in 251ms (719 modules)
 ✓ Compiled in 240ms (719 modules)
 ✓ Compiled in 226ms (719 modules)
 ✓ Compiled in 195ms (719 modules)
 ✓ Compiled in 227ms (719 modules)
 ✓ Compiled in 200ms (719 modules)
 ✓ Compiled in 199ms (719 modules)
 ✓ Compiled in 237ms (719 modules)
 ✓ Compiled in 248ms (719 modules)
 ✓ Compiled in 201ms (719 modules)
 ✓ Compiled in 248ms (719 modules)
 ✓ Compiled in 220ms (719 modules)
 ✓ Compiled in 238ms (719 modules)
 ✓ Compiled in 207ms (719 modules)
 ✓ Compiled in 243ms (719 modules)
 ✓ Compiled in 185ms (719 modules)
 ✓ Compiled in 197ms (719 modules)
 ✓ Compiled in 244ms (719 modules)
 ✓ Compiled in 225ms (719 modules)
 ✓ Compiled in 188ms (719 modules)
 ✓ Compiled in 242ms (719 modules)
 ✓ Compiled in 212ms (719 modules)
 ✓ Compiled in 213ms (719 modules)
 ✓ Compiled in 207ms (719 modules)
 ✓ Compiled in 232ms (719 modules)
 ✓ Compiled in 250ms (719 modules)
 ✓ Compiled in 277ms (719 modules)
 ✓ Compiled in 259ms (719 modules)
 ✓ Compiled in 240ms (719 modules)
 ✓ Compiled in 253ms (719 modules)
 ✓ Compiled in 223ms (719 modules)
 ✓ Compiled in 243ms (719 modules)
 ✓ Compiled in 260ms (719 modules)
 ✓ Compiled in 243ms (719 modules)
 ✓ Compiled in 241ms (719 modules)
 ✓ Compiled in 251ms (719 modules)
 ✓ Compiled in 207ms (719 modules)
 ✓ Compiled in 230ms (719 modules)
 ✓ Compiled in 239ms (719 modules)
 ✓ Compiled in 213ms (719 modules)
 ✓ Compiled in 228ms (719 modules)
 ✓ Compiled in 245ms (719 modules)
 ✓ Compiled in 243ms (719 modules)
 ✓ Compiled in 245ms (719 modules)
 ✓ Compiled in 270ms (719 modules)
 ✓ Compiled in 212ms (719 modules)
 ✓ Compiled in 247ms (719 modules)
 ✓ Compiled in 256ms (719 modules)
 ✓ Compiled in 238ms (719 modules)
 ✓ Compiled in 178ms (719 modules)
 ✓ Compiled in 183ms (719 modules)
 ✓ Compiled in 230ms (719 modules)
 ✓ Compiled in 217ms (719 modules)
 ✓ Compiled in 272ms (719 modules)
 ✓ Compiled in 267ms (719 modules)
 ✓ Compiled in 251ms (719 modules)
 ✓ Compiled in 221ms (719 modules)
 ✓ Compiled in 222ms (719 modules)
 ✓ Compiled in 237ms (719 modules)
 ✓ Compiled in 232ms (719 modules)
 ✓ Compiled in 200ms (719 modules)
 ✓ Compiled in 205ms (719 modules)
 ✓ Compiled in 260ms (719 modules)
 ✓ Compiled in 206ms (719 modules)
 ✓ Compiled in 219ms (719 modules)
 ✓ Compiled in 222ms (719 modules)
 ✓ Compiled in 221ms (719 modules)
 ✓ Compiled in 193ms (719 modules)
 ✓ Compiled in 234ms (719 modules)
 ✓ Compiled in 235ms (719 modules)
 ✓ Compiled in 225ms (719 modules)
 ✓ Compiled in 223ms (719 modules)
 ✓ Compiled in 228ms (719 modules)
 ✓ Compiled in 199ms (719 modules)
 ✓ Compiled in 207ms (719 modules)
 ✓ Compiled in 242ms (719 modules)
 ✓ Compiled in 203ms (719 modules)
 ✓ Compiled in 240ms (719 modules)
 ✓ Compiled in 271ms (719 modules)
 ✓ Compiled in 256ms (719 modules)
 ✓ Compiled in 290ms (719 modules)
 ✓ Compiled in 242ms (719 modules)
 ✓ Compiled in 253ms (719 modules)
 ✓ Compiled in 245ms (719 modules)
 ✓ Compiled in 276ms (719 modules)
 ✓ Compiled in 203ms (719 modules)
 ✓ Compiled in 273ms (719 modules)
 ✓ Compiled in 217ms (719 modules)
 ✓ Compiled in 239ms (719 modules)
 ✓ Compiled in 263ms (719 modules)
 ✓ Compiled in 258ms (719 modules)
 ✓ Compiled in 219ms (719 modules)
 ✓ Compiled in 225ms (719 modules)
 ✓ Compiled in 222ms (719 modules)
 ✓ Compiled in 265ms (719 modules)
 ✓ Compiled in 248ms (719 modules)
 ✓ Compiled in 239ms (719 modules)
 ✓ Compiled in 242ms (719 modules)
 ✓ Compiled in 234ms (719 modules)
 ✓ Compiled in 254ms (719 modules)
 ✓ Compiled in 246ms (719 modules)
 ✓ Compiled in 255ms (719 modules)
 ✓ Compiled in 203ms (719 modules)
 ✓ Compiled in 231ms (719 modules)
 ✓ Compiled in 187ms (719 modules)
 ✓ Compiled in 208ms (719 modules)
 ✓ Compiled in 243ms (719 modules)
 ✓ Compiled in 252ms (719 modules)
 ✓ Compiled in 215ms (719 modules)
 ✓ Compiled in 213ms (719 modules)
 ✓ Compiled in 247ms (719 modules)
 ✓ Compiled in 207ms (719 modules)
 ✓ Compiled in 244ms (719 modules)
 ✓ Compiled in 243ms (719 modules)
 ✓ Compiled in 190ms (719 modules)
 ✓ Compiled in 184ms (719 modules)
 ✓ Compiled in 226ms (719 modules)
 ✓ Compiled in 252ms (719 modules)
 ✓ Compiled in 208ms (719 modules)
 ✓ Compiled in 245ms (719 modules)
 ✓ Compiled in 215ms (719 modules)
 ✓ Compiled in 184ms (719 modules)
 ✓ Compiled in 182ms (719 modules)
 ✓ Compiled in 248ms (719 modules)
 ✓ Compiled in 181ms (719 modules)
 ✓ Compiled in 218ms (719 modules)
 ✓ Compiled in 238ms (719 modules)
 ✓ Compiled in 215ms (719 modules)
 ✓ Compiled in 211ms (719 modules)
 ✓ Compiled in 231ms (719 modules)
 ✓ Compiled in 249ms (719 modules)
 ✓ Compiled in 237ms (719 modules)
 ✓ Compiled in 252ms (719 modules)
 ✓ Compiled in 230ms (719 modules)
 ✓ Compiled in 264ms (719 modules)
 ✓ Compiled in 226ms (719 modules)
 ✓ Compiled in 222ms (719 modules)
 ✓ Compiled in 211ms (719 modules)
 ✓ Compiled in 204ms (719 modules)
 ✓ Compiled in 233ms (719 modules)
 ✓ Compiled in 219ms (719 modules)
 ✓ Compiled in 185ms (719 modules)
 ✓ Compiled in 246ms (719 modules)
 ✓ Compiled in 258ms (719 modules)
 ✓ Compiled in 246ms (719 modules)
 ✓ Compiled in 228ms (719 modules)
 ✓ Compiled in 231ms (719 modules)
 ✓ Compiled in 253ms (719 modules)
 ✓ Compiled in 244ms (719 modules)
 ✓ Compiled in 253ms (719 modules)
 ✓ Compiled in 184ms (719 modules)
 ✓ Compiled in 220ms (719 modules)
 ✓ Compiled in 222ms (719 modules)
 ✓ Compiled in 202ms (719 modules)
 ✓ Compiled in 213ms (719 modules)
 ✓ Compiled in 240ms (719 modules)
 ✓ Compiled in 220ms (719 modules)
 ✓ Compiled in 237ms (719 modules)
 ✓ Compiled in 195ms (719 modules)
 ✓ Compiled in 236ms (719 modules)
 ✓ Compiled in 198ms (719 modules)
 ✓ Compiled in 252ms (719 modules)
 ✓ Compiled in 261ms (719 modules)
 ✓ Compiled in 243ms (719 modules)
 ✓ Compiled in 216ms (719 modules)
 ✓ Compiled in 232ms (719 modules)
 ✓ Compiled in 235ms (719 modules)
 ✓ Compiled in 206ms (719 modules)
 ✓ Compiled in 230ms (719 modules)
 ✓ Compiled in 208ms (719 modules)
 ✓ Compiled in 179ms (719 modules)
 ✓ Compiled in 218ms (719 modules)
 ✓ Compiled in 231ms (719 modules)
 ✓ Compiled in 199ms (719 modules)
 ✓ Compiled in 180ms (719 modules)
 ✓ Compiled in 232ms (719 modules)
 ✓ Compiled in 214ms (719 modules)
 ✓ Compiled in 191ms (719 modules)
 ✓ Compiled in 244ms (719 modules)
 ✓ Compiled in 201ms (719 modules)
 ✓ Compiled in 197ms (719 modules)
 ✓ Compiled in 228ms (719 modules)
 ✓ Compiled in 185ms (719 modules)
 ✓ Compiled in 222ms (719 modules)
 ✓ Compiled in 180ms (719 modules)
 ✓ Compiled in 221ms (719 modules)
 ✓ Compiled in 199ms (719 modules)
 ✓ Compiled in 205ms (719 modules)
 ✓ Compiled in 252ms (719 modules)
 ✓ Compiled in 207ms (719 modules)
 ✓ Compiled in 194ms (719 modules)
 ✓ Compiled in 242ms (719 modules)
 ✓ Compiled in 221ms (719 modules)
 ✓ Compiled in 182ms (719 modules)
 ✓ Compiled in 189ms (719 modules)
 ✓ Compiled in 249ms (719 modules)
 ✓ Compiled in 222ms (719 modules)
 ✓ Compiled in 181ms (719 modules)
 ✓ Compiled in 220ms (719 modules)
 ✓ Compiled in 240ms (719 modules)
 ✓ Compiled in 197ms (719 modules)
 ✓ Compiled in 228ms (719 modules)
 ✓ Compiled in 232ms (719 modules)
 ✓ Compiled in 263ms (719 modules)
 ✓ Compiled in 185ms (719 modules)
 ✓ Compiled in 260ms (719 modules)
 ✓ Compiled in 198ms (719 modules)
 ✓ Compiled in 185ms (719 modules)
 ✓ Compiled in 248ms (719 modules)
 ✓ Compiled in 199ms (719 modules)
 ✓ Compiled in 187ms (719 modules)
 ✓ Compiled in 260ms (719 modules)
 ✓ Compiled in 241ms (719 modules)
 ✓ Compiled in 230ms (719 modules)
 ✓ Compiled in 255ms (719 modules)
 ✓ Compiled in 329ms (719 modules)
 ✓ Compiled in 227ms (719 modules)
 ✓ Compiled in 236ms (719 modules)
 ✓ Compiled in 182ms (719 modules)
 ✓ Compiled in 180ms (719 modules)
 ✓ Compiled in 191ms (719 modules)
 ✓ Compiled in 176ms (719 modules)
 ✓ Compiled in 187ms (719 modules)
 ✓ Compiled in 208ms (719 modules)
 ✓ Compiled in 225ms (719 modules)
 ✓ Compiled in 207ms (719 modules)
 ✓ Compiled in 191ms (719 modules)
 ✓ Compiled in 230ms (719 modules)
 ✓ Compiled in 184ms (719 modules)
 ✓ Compiled in 185ms (719 modules)
 ✓ Compiled in 247ms (719 modules)
 ✓ Compiled in 180ms (719 modules)
 ✓ Compiled in 187ms (719 modules)
 ✓ Compiled in 263ms (719 modules)
 ✓ Compiled in 240ms (719 modules)
 ✓ Compiled in 215ms (719 modules)
 ✓ Compiled in 193ms (719 modules)
 ✓ Compiled in 229ms (719 modules)
 ✓ Compiled in 201ms (719 modules)
 ✓ Compiled in 191ms (719 modules)
 ✓ Compiled in 242ms (719 modules)
 ✓ Compiled in 217ms (719 modules)
 ✓ Compiled in 260ms (719 modules)
 ✓ Compiled in 210ms (719 modules)
 ✓ Compiled in 244ms (719 modules)
 ✓ Compiled in 200ms (719 modules)
 ✓ Compiled in 193ms (719 modules)
 ✓ Compiled in 246ms (719 modules)
 ✓ Compiled in 190ms (719 modules)
 ✓ Compiled in 190ms (719 modules)
 ✓ Compiled in 224ms (719 modules)
 ✓ Compiled in 224ms (719 modules)
 ✓ Compiled in 200ms (719 modules)
 ✓ Compiled in 218ms (719 modules)
 ✓ Compiled in 239ms (719 modules)
 ✓ Compiled in 188ms (719 modules)
 ✓ Compiled in 197ms (719 modules)
 ✓ Compiled in 210ms (719 modules)
 ✓ Compiled in 190ms (719 modules)
 ✓ Compiled in 212ms (719 modules)
 ✓ Compiled in 245ms (719 modules)
 ✓ Compiled in 190ms (719 modules)
 ✓ Compiled in 243ms (719 modules)
 ✓ Compiled in 254ms (719 modules)
 ✓ Compiled in 213ms (719 modules)
 ✓ Compiled in 203ms (719 modules)
 ✓ Compiled in 203ms (719 modules)
 ✓ Compiled in 226ms (719 modules)
 ✓ Compiled in 197ms (719 modules)
 ✓ Compiled in 229ms (719 modules)
 ✓ Compiled in 219ms (719 modules)
 ✓ Compiled in 193ms (719 modules)
 ✓ Compiled in 198ms (719 modules)
 ✓ Compiled in 227ms (719 modules)
 ✓ Compiled in 217ms (719 modules)
 ✓ Compiled in 191ms (719 modules)
 ✓ Compiled in 185ms (719 modules)
 ✓ Compiled in 239ms (719 modules)
 ✓ Compiled in 236ms (719 modules)
 ✓ Compiled in 212ms (719 modules)
 ✓ Compiled in 235ms (719 modules)
 ✓ Compiled in 206ms (719 modules)
 ✓ Compiled in 246ms (719 modules)
 ✓ Compiled in 222ms (719 modules)
 ✓ Compiled in 193ms (719 modules)
 ✓ Compiled in 245ms (719 modules)
 ✓ Compiled in 250ms (719 modules)
 ✓ Compiled in 231ms (719 modules)
 ✓ Compiled in 201ms (719 modules)
 ✓ Compiled in 196ms (719 modules)
 ✓ Compiled in 247ms (719 modules)
 ✓ Compiled in 233ms (719 modules)
 ✓ Compiled in 190ms (719 modules)
 ✓ Compiled in 229ms (719 modules)
 ✓ Compiled in 202ms (719 modules)
 ✓ Compiled in 223ms (719 modules)
 ✓ Compiled in 262ms (719 modules)
 ✓ Compiled in 254ms (719 modules)
 ✓ Compiled in 244ms (719 modules)
 ✓ Compiled in 224ms (719 modules)
 ✓ Compiled in 190ms (719 modules)
 ✓ Compiled in 184ms (719 modules)
 ✓ Compiled in 186ms (719 modules)
 ✓ Compiled in 256ms (719 modules)
 ✓ Compiled in 187ms (719 modules)
 ✓ Compiled in 201ms (719 modules)
 ✓ Compiled in 226ms (719 modules)
 ✓ Compiled in 173ms (719 modules)
 ✓ Compiled in 179ms (719 modules)
 ✓ Compiled in 234ms (719 modules)
 ✓ Compiled in 223ms (719 modules)
 ✓ Compiled in 197ms (719 modules)
 ✓ Compiled in 266ms (719 modules)
 ✓ Compiled in 230ms (719 modules)
 ✓ Compiled in 214ms (719 modules)
 ✓ Compiled in 192ms (719 modules)
 ✓ Compiled in 256ms (719 modules)
 ✓ Compiled in 231ms (719 modules)
 ✓ Compiled in 196ms (719 modules)
 ✓ Compiled in 234ms (719 modules)
 ✓ Compiled in 236ms (719 modules)
 ✓ Compiled in 241ms (719 modules)
 ✓ Compiled in 204ms (719 modules)
 ✓ Compiled in 274ms (719 modules)
 ✓ Compiled in 241ms (719 modules)
 ✓ Compiled in 210ms (719 modules)
 ✓ Compiled in 255ms (719 modules)
 ✓ Compiled in 222ms (719 modules)
 ✓ Compiled in 191ms (719 modules)
 ✓ Compiled in 184ms (719 modules)
 ✓ Compiled in 254ms (719 modules)
 ✓ Compiled in 192ms (719 modules)
 ✓ Compiled in 207ms (719 modules)
 ✓ Compiled in 220ms (719 modules)
 ✓ Compiled in 184ms (719 modules)
 ✓ Compiled in 186ms (719 modules)
 ✓ Compiled in 245ms (719 modules)
 ✓ Compiled in 211ms (719 modules)
 ✓ Compiled in 181ms (719 modules)
 ✓ Compiled in 196ms (719 modules)
 ✓ Compiled in 258ms (719 modules)
 ✓ Compiled in 182ms (719 modules)
 ✓ Compiled in 193ms (719 modules)
 ✓ Compiled in 213ms (719 modules)
 ✓ Compiled in 183ms (719 modules)
 ✓ Compiled in 196ms (719 modules)
 ✓ Compiled in 241ms (719 modules)
 ✓ Compiled in 231ms (719 modules)
 ✓ Compiled in 255ms (719 modules)
 ✓ Compiled in 208ms (719 modules)
 ✓ Compiled in 286ms (719 modules)
 ✓ Compiled in 258ms (719 modules)
 ✓ Compiled in 214ms (719 modules)
 ✓ Compiled in 234ms (719 modules)
 ✓ Compiled in 235ms (719 modules)
 ✓ Compiled in 203ms (719 modules)
 ✓ Compiled in 274ms (719 modules)
 ✓ Compiled in 213ms (719 modules)
 ✓ Compiled in 207ms (719 modules)
 ✓ Compiled in 193ms (719 modules)
 ✓ Compiled in 248ms (719 modules)
 ✓ Compiled in 227ms (719 modules)
 ✓ Compiled in 200ms (719 modules)
 ✓ Compiled in 190ms (719 modules)
 ✓ Compiled in 242ms (719 modules)
 ✓ Compiled in 179ms (719 modules)
 ✓ Compiled in 236ms (719 modules)
 ✓ Compiled in 219ms (719 modules)
 ✓ Compiled in 252ms (719 modules)
 ✓ Compiled in 265ms (719 modules)
 ✓ Compiled in 227ms (719 modules)
 ✓ Compiled in 230ms (719 modules)
 ✓ Compiled in 205ms (719 modules)
 ✓ Compiled in 208ms (719 modules)
 ✓ Compiled in 247ms (719 modules)
 ✓ Compiled in 243ms (719 modules)
 ✓ Compiled in 198ms (719 modules)
 ✓ Compiled in 270ms (719 modules)
 ✓ Compiled in 222ms (719 modules)
 ✓ Compiled in 241ms (719 modules)
 ✓ Compiled in 219ms (719 modules)
 ✓ Compiled in 231ms (719 modules)
 ✓ Compiled in 250ms (719 modules)
 ✓ Compiled in 248ms (719 modules)
 ✓ Compiled in 271ms (719 modules)
 ✓ Compiled in 191ms (719 modules)
 ✓ Compiled in 183ms (719 modules)
 ✓ Compiled in 266ms (719 modules)
 ✓ Compiled in 267ms (719 modules)
 ✓ Compiled in 202ms (719 modules)
 ✓ Compiled in 202ms (719 modules)
 ✓ Compiled in 242ms (719 modules)
 ✓ Compiled in 228ms (719 modules)
 ✓ Compiled in 216ms (719 modules)
 ✓ Compiled in 226ms (719 modules)
 ✓ Compiled in 232ms (719 modules)
 ✓ Compiled in 195ms (719 modules)
 ✓ Compiled in 229ms (719 modules)
 ✓ Compiled in 236ms (719 modules)
 ✓ Compiled in 239ms (719 modules)
 ✓ Compiled in 199ms (719 modules)
 ✓ Compiled in 244ms (719 modules)
 ✓ Compiled in 211ms (719 modules)
 ✓ Compiled in 228ms (719 modules)
 ✓ Compiled in 283ms (719 modules)
 ✓ Compiled in 247ms (719 modules)
 ✓ Compiled in 207ms (719 modules)
 ✓ Compiled in 192ms (719 modules)
 ✓ Compiled in 229ms (719 modules)
 ✓ Compiled in 205ms (719 modules)
 ✓ Compiled in 203ms (719 modules)
 ✓ Compiled in 242ms (719 modules)
 ✓ Compiled in 199ms (719 modules)
 ✓ Compiled in 230ms (719 modules)
 ✓ Compiled in 251ms (719 modules)
 ✓ Compiled in 221ms (719 modules)
 ✓ Compiled in 415ms (719 modules)
 ✓ Compiled in 203ms (719 modules)
 ✓ Compiled in 394ms (719 modules)
 ✓ Compiled in 331ms (719 modules)
 ✓ Compiled in 305ms (719 modules)
 ✓ Compiled in 297ms (719 modules)
 ✓ Compiled in 287ms (719 modules)
 ✓ Compiled in 314ms (719 modules)
 ✓ Compiled in 349ms (719 modules)
 ✓ Compiled in 339ms (719 modules)
